time_s,rsrp_dbm,sinr_db,cqi
0.0,-75.0,21.989700043360187,14
0.001,-75.10791536520279,21.881281994265226,14
0.002,-74.55761398658261,22.431080630942716,14
0.003,-73.30108694697161,23.687104870687612,15
0.004,-73.55585450601845,23.431834453978396,15
0.005,-73.80013512059308,23.187050924072338,15
0.006,-72.52633636106243,24.460346710729787,15
0.007,-71.97830137283957,25.007878668665022,15
0.008,-72.48054891343065,24.505128040499237,15
0.009000000000000001,-72.12079179109973,24.864382018095856,15
0.01,-72.61173804828451,24.372932559144708,15
0.011,-73.08468690749628,23.899480441262035,15
0.012,-72.94990171641578,24.033762316894773,15
0.013000000000000001,-74.61257761481343,22.37058304640015,14
0.014,-76.05181757568363,20.93083965691158,13
0.015,-76.46633430985665,20.515819437726563,13
0.016,-77.23867129633678,19.742978909968677,13
0.017,-76.8762022247346,20.104944384155292,13
0.018000000000000002,-77.54442050497921,19.436222450485307,13
0.019,-78.60499934306917,18.37513990308821,12
0.02,-77.22949822633417,19.750137254762418,13
0.021,-77.3153654819757,19.66376617843462,13
0.022,-77.15359724201357,19.825030542213227,13
0.023,-78.23903132591131,18.73909252676302,12
0.024,-78.54863326212666,18.4289866037546,12
0.025,-78.30060187757763,18.67651394639835,12
0.026000000000000002,-79.11165040908155,17.864961318005456,12
0.027,-78.62034195706713,18.35576561827569,12
0.028,-78.96034985391242,18.015253514959618,12
0.029,-79.02955016375887,17.945548944044432,12
0.03,-79.35351557133286,17.621079220932454,12
0.031,-77.62344813406777,19.350642288319083,13
0.032,-77.51392648847268,19.459659509824075,13
0.033,-78.27689826626424,18.696183253859644,12
0.034,-77.44540408791954,19.52717290007766,13
0.035,-78.34622042031855,18.625851981727145,12
0.036000000000000004,-78.02174431238626,18.949823450012186,12
0.037,-79.51337190955506,17.457691159629523,12
0.038,-80.41989651838193,16.55066180415134,11
0.039,-80.02161353468225,16.94843998789152,11
0.04,-79.18856949745769,17.780979171977666,12
0.041,-78.86017975194657,18.108864011300845,12
0.042,-78.78333546422668,18.18520333991267,12
0.043000000000000003,-78.86351419857542,18.104519593665227,12
0.044,-79.91937549607857,17.04815323160227,12
0.045,-80.30178774934521,16.665235861244312,11
0.046,-80.45306232273892,16.513456118357446,11
0.047,-79.33579953027645,17.630213689054614,12
0.048,-78.85631494570565,18.109192999717727,12
0.049,-80.14767858634372,16.81732403315946,11
0.05,-79.65140544064582,17.313091801054494,12
0.051000000000000004,-79.76446390894776,17.199527903196994,12
0.052000000000000005,-80.11542198244967,16.84806434851684,11
0.053,-79.38043324922452,17.582547549071126,12
0.054,-78.32584588927733,18.63662932498495,12
0.055,-77.39609239251809,19.565877186478513,13
0.056,-77.97563918051786,18.985824712110986,12
0.057,-78.09096050314879,18.869997652140512,12
0.058,-77.66875541911315,19.2916969479952,13
0.059000000000000004,-76.7273600342846,20.232586493931816,13
0.06,-77.0331222156571,19.926318423086833,13
0.061,-77.08228151223923,19.876653186582242,13
0.062,-77.89485302932974,19.063575679249873,13
0.063,-78.74938337924475,18.208539288904262,12
0.064,-77.89894432454967,19.05847225311069,13
0.065,-76.63007943046023,20.326831006784218,13
0.066,-76.59945919295033,20.35694505408174,13
0.067,-75.67533889614245,21.280559111011698,14
0.068,-75.32172329696448,21.63366842077711,14
0.069,-75.81921784675075,21.135667532174658,14
0.07,-75.45949321815135,21.494885772685315,14
0.07100000000000001,-74.13535774265348,22.81851481095298,14
0.07200000000000001,-74.1727733940075,22.78059267335847,14
0.073,-72.8774266195134,24.07543291273306,15
0.074,-75.11345649777485,21.838896450604324,14
0.075,-74.39761150293242,22.55423481296306,14
0.076,-74.32124788928441,22.63009174564236,14
0.077,-74.56871516915577,22.38211773644875,14
0.078,-74.48103580313055,22.469290324929688,14
0.079,-76.1258089929712,20.824010309454316,13
0.08,-76.23428983883612,20.715022589995865,13
0.081,-75.85848825254652,21.090317254864797,14
0.082,-74.56537458628705,22.38292395200826,14
0.083,-74.983769064767,21.964022456848706,14
0.084,-75.62650975157428,21.320774705930155,14
0.085,-75.98817660170073,20.958600744392648,13
0.08600000000000001,-75.15655838716363,21.789711800350908,14
0.08700000000000001,-74.84580375209697,22.09995922980296,14
0.088,-75.26116392919789,21.684091800183772,14
0.089,-74.79222862694586,22.152519803146042,14
0.09,-74.6878904696671,22.256350614495744,14
0.091,-73.86263554513627,23.081098146590477,15
0.092,-74.45951029205648,22.48371596085947,14
0.093,-74.72088410460623,22.221834663256598,14
0.094,-75.02512463057508,21.917086606124737,14
0.095,-76.20793035814341,20.733773301416004,13
0.096,-75.879795717796,21.061400318778183,14
0.097,-75.59367468806205,21.347013679814665,14
0.098,-75.53157340485834,21.40860724874136,14
0.099,-75.67102465646957,21.268648237406268,14
0.1,-76.78659395572352,20.15257113311439,13
0.101,-77.03003074420235,19.908626494416417,13
0.10200000000000001,-77.19864911276555,19.739500230585747,13
0.10300000000000001,-77.74243464402896,19.19520675913949,13
0.10400000000000001,-77.73113320543276,19.20600021277048,13
0.105,-77.24986498060925,19.686760407979477,13
0.106,-75.55499700141122,21.381120313046807,14
0.107,-75.35106760828029,21.584541587664027,14
0.108,-75.08602268525519,21.849078347925648,14
0.109,-75.10740521978745,21.82718760651344,14
0.11,-76.66144773346817,20.27263684196963,13
0.111,-76.57941136869421,20.35416491203076,13
0.112,-76.42824803803498,20.504819904260895,13
0.113,-74.28445858075668,22.64810097952735,14
0.114,-74.43461501025968,22.497436124563333,14
0.115,-74.16774971679763,22.763792949248803,14
0.116,-74.19093110566405,22.74010304842392,14
0.117,-75.15595010593373,21.77457549314768,14
0.11800000000000001,-74.15979948299449,22.77021751816602,14
0.11900000000000001,-73.52829974627693,23.401208614182213,15
0.12,-72.88927604661103,24.039723630500177,15
0.121,-73.68965512260759,23.23883582864307,15
0.122,-72.53488472452305,24.39309745848851,15
0.123,-73.75844845410022,23.169024918427723,15
0.124,-73.27894422993612,23.648020289997866,15
0.125,-71.48476147424655,25.441694151117275,15
0.126,-72.40746890239974,24.518477786552015,15
0.127,-72.94019405297328,23.985243657858764,15
0.128,-72.89752412418301,24.02740456695608,15
0.129,-73.35786957712382,23.56655005288343,15
0.13,-74.67040169783797,22.253508829733075,14
0.131,-74.58357860374028,22.339822780224686,14
0.132,-75.4404187671546,21.482473432169012,14
0.133,-74.98543129872102,21.936951675060577,14
0.134,-75.7068443772438,21.215029330229832,14
0.135,-74.34555732708486,22.575807073449585,14
0.136,-74.97879226373774,21.942062789361117,14
0.137,-75.20289486386959,21.71745080143214,14
0.138,-74.47339411611678,22.44644212116118,14
0.139,-75.4729663829006,21.446360386261922,14
0.14,-75.21951398248552,21.699303278604912,14
0.14100000000000001,-74.07804552069491,22.840262192501868,14
0.14200000000000002,-75.40584584859663,21.511952277020058,14
0.14300000000000002,-75.18990287073562,21.727385627749744,14
0.14400000000000002,-74.91975570919129,21.99702312274674,14
0.145,-74.22609359238736,22.690175533722638,14
0.146,-75.23877639056217,21.676982990574448,14
0.147,-76.28013505730915,20.63511453984415,13
0.148,-75.74739430561407,21.16734546868145,14
0.149,-75.42278091732949,21.49144899536929,14
0.15,-75.14955416560578,21.764165846892883,14
0.151,-74.80719630178648,22.106013772044314,14
0.152,-75.33191137552093,21.580788721309922,14
0.153,-75.07670412345114,21.835485958183448,14
0.154,-74.78086615419957,22.130813874178212,14
0.155,-75.33439942884392,21.57677050835238,14
0.156,-73.71983600173948,23.190823806486556,15
0.157,-73.3271675741969,23.58298206740602,15
0.158,-74.33471403734697,22.574925400116047,14
0.159,-73.7649765260227,23.144152669919652,15
0.16,-74.5743441708898,22.33427474628726,14
0.161,-73.88595072896933,23.022157872333985,15
0.162,-72.91587689069632,23.99172135776102,15
0.163,-73.63036311122615,23.276724747549284,15
0.164,-72.83234557001569,24.074231862378227,15
0.165,-72.52387921725689,24.382187752192298,15
0.166,-71.88712743366841,25.018429036409287,15
0.167,-70.3818145743236,26.523231360092332,15
0.168,-70.71794690213707,26.1865884604634,15
0.169,-71.46313172939962,25.440893025368283,15
0.17,-72.29116916700285,24.612344944052044,15
0.171,-73.02453473332345,23.878468698274716,15
0.17200000000000001,-73.11398177862779,23.788510937906693,15
0.17300000000000001,-72.85176536764936,24.050216598351316,15
0.17400000000000002,-72.65338968460149,24.248081495532134,15
0.17500000000000002,-72.00489104215087,24.896069316919377,15
0.176,-72.05917043493578,24.841279068011772,15
0.177,-70.9130426119382,25.986895999964364,15
0.178,-71.2413947938205,25.658032892251864,15
0.179,-69.07410525720533,27.8248114683888,15
0.18,-68.7350920237549,28.163313706850133,15
0.181,-69.6425389824718,27.255355718770538,15
0.182,-70.6911820501634,26.20620158747997,15
0.183,-70.40581061630927,26.49106192363621,15
0.184,-70.7186742583104,26.177687149975664,15
0.185,-70.23915386978507,26.65669637301753,15
0.186,-69.97878651117061,26.916552532462017,15
0.187,-70.1827042779033,26.712123533010388,15
0.188,-71.02186177726423,25.87245476751919,15
0.189,-72.38277131031451,24.511033935065022,15
0.19,-72.80054260760755,24.092751305232177,15
0.191,-72.11781785655461,24.77496469074719,15
0.192,-71.9963082734611,24.895962875442503,15
0.193,-73.09344120146278,23.798318516320233,15
0.194,-72.96643114229417,23.92481711178381,15
0.195,-72.66783430328944,24.22290245463707,15
0.196,-73.4364087964294,23.45381643303724,15
0.197,-73.31111276536558,23.578600903470914,15
0.198,-73.2700138559892,23.619188220185006,15
0.199,-74.22924031704966,22.659450134568374,14
0.2,-73.90178344069712,22.98639535460906,14
0.201,-73.41835993360992,23.46930717376707,15
0.202,-72.51969647564924,24.367458912319595,15
0.203,-71.68105696480586,25.205586672414274,15
0.20400000000000001,-72.89778695814248,23.988344897126876,15
0.20500000000000002,-73.69981624725291,23.185803795002098,15
0.20600000000000002,-73.26128454241845,23.623823655897255,15
0.20700000000000002,-72.84108738915259,24.043508934437455,15
0.20800000000000002,-72.43640346913818,24.44768094907856,15
0.209,-69.27196314484883,27.611609337485685,15
0.21,-68.963114172824,27.919946343258143,15
0.211,-68.1967772309234,28.685771288675078,15
0.212,-67.6118425945806,29.270193898441818,15
0.213,-67.30171980729664,29.57980462919625,15
0.214,-67.80765677183268,29.073355578316196,15
0.215,-67.39975040027102,29.480749833858443,15
0.216,-68.28179484709528,28.598193241478455,15
0.217,-68.68255896109964,28.196916952521192,15
0.218,-69.2737463579252,27.605217351484768,15
0.219,-69.36931583645215,27.50913563962826,15
0.22,-67.6039834220476,29.27395579172382,15
0.221,-69.38681225873854,27.490614663883882,15
0.222,-68.97451354048863,27.902401062284156,15
0.223,-70.49035046561112,26.386051788750873,15
0.224,-70.99661013480656,25.879279742722975,15
0.225,-70.18431191822918,26.691065554185805,15
0.226,-70.25640701645585,26.61845802270213,15
0.227,-71.27511464581137,25.59923793208678,15
0.228,-71.9514203804611,24.92241970831416,15
0.229,-71.44040156206084,25.4329260098682,15
0.23,-72.12214589871651,24.750669128782828,15
0.231,-71.98897987456608,24.883322581059936,15
0.232,-72.00301660081915,24.868773255629876,15
0.233,-72.59604003181123,24.27523719829708,15
0.234,-70.84026328086907,26.030501295874835,15
0.23500000000000001,-70.41025461250472,26.45999728399117,15
0.23600000000000002,-72.20855027678846,24.661188912715932,15
0.23700000000000002,-72.0954608292899,24.773765626619706,15
0.23800000000000002,-72.6920771705205,24.17663652533124,15
0.23900000000000002,-72.00533196616948,24.862868943301635,15
0.24,-72.71380556005924,24.153882536848762,15
0.241,-72.83004405097834,24.03713120732451,15
0.242,-72.42602177891713,24.44064061487893,15
0.243,-71.73790345069634,25.128246052831784,15
0.244,-72.79525516931028,24.07038141832928,15
0.245,-73.09006368369627,23.775059962574716,15
0.246,-73.48964401589748,23.374966663665532,15
0.247,-74.02135734761396,22.842740340042393,14
0.248,-72.5200513921347,24.343533278557015,15
0.249,-72.20996813433862,24.653103494471292,15
0.25,-73.29743135945537,23.565127202696402,15
0.251,-72.52926744885661,24.332778022001587,15
0.252,-70.79007945407959,26.071452900990515,15
0.253,-70.02644236189671,26.83457685303178,15
0.254,-71.41528911811153,25.44521693246287,15
0.255,-71.88750865142576,24.97248421072317,15
0.256,-70.8843157147568,25.975163935036413,15
0.257,-71.5631310464408,25.295835367207616,15
0.258,-71.25695954760108,25.60149360625474,15
0.259,-70.68769366771342,26.17024620284328,15
0.26,-71.55603329518762,25.301393268704775,15
0.261,-71.66805719193249,25.18885604207178,15
0.262,-74.42138718954885,22.435012691484957,14
0.263,-75.22074683556949,21.635139669552977,14
0.264,-75.34604240056717,21.509330705844608,14
0.265,-76.2937455434687,20.561114141574667,13
0.266,-74.80807589638242,22.04627034477643,14
0.267,-75.92850127173838,20.925331503161523,13
0.268,-76.18049668074921,20.672822605659064,13
0.269,-75.94750957868061,20.905296197145162,13
0.27,-74.63374758342297,22.21854465987122,14
0.271,-75.7650083655383,21.08677032341713,14
0.272,-74.68938295418785,22.161882158763607,14
0.273,-74.61536518665227,22.23538632877194,14
0.274,-75.36884248440923,21.481395412106522,14
0.275,-74.89141618037615,21.958308075991972,14
0.276,-74.65161920517549,22.197591389948027,14
0.277,-75.08589095894438,21.762805953979697,14
0.278,-74.94536732024069,21.902815889671334,14
0.279,-75.1887297258777,21.658939760351956,14
0.28,-75.00729800353129,21.839857738487993,14
0.281,-74.37666407340755,22.46997790401575,14
0.28200000000000003,-73.0027104565872,23.843417735996915,15
0.28300000000000003,-74.03186380187367,22.813750585770535,14
0.28400000000000003,-72.2163532722648,24.628747290481297,15
0.28500000000000003,-73.87053114953878,22.974055568493576,14
0.28600000000000003,-73.96114921209085,22.882923641554747,14
0.28700000000000003,-73.43243859343319,23.411120376295308,15
0.28800000000000003,-73.18023904379572,23.662806022628047,15
0.289,-73.68944297696294,23.15308816691125,15
0.29,-73.83329050362092,23.008726698601635,15
0.291,-74.20808080102806,22.63342244058365,14
0.292,-74.6478030368997,22.1931862252849,14
0.293,-73.87304215256653,22.967433111517643,14
0.294,-73.53870453725544,23.301256710197983,15
0.295,-74.09066984253703,22.74877736989838,14
0.296,-73.29597376830996,23.542959390863267,15
0.297,-73.02542396184164,23.812995125968413,15
0.298,-72.34504555364512,24.49285944484393,15
0.299,-71.84405143645843,24.993339454895054,15
0.3,-72.57591235315152,24.26096441339513,15
0.301,-73.0547353708064,23.781627253405482,15
0.302,-72.42686703893932,24.408981425553243,15
0.303,-71.93777178476668,24.897562502765464,15
0.304,-71.99301130699624,24.841808786477863,15
0.305,-71.9308770930686,24.90342878939338,15
0.306,-70.90605428976936,25.92773736486999,15
0.307,-71.47651782718354,25.356759582966294,15
0.308,-71.07700995509015,25.755753194046957,15
0.309,-71.31640223151668,25.515846640228233,15
0.31,-71.55889198110063,25.27284259701636,15
0.311,-70.69667666058605,26.13454360781113,15
0.312,-70.09607652594691,26.73462941678242,15
0.313,-69.52919608796961,27.300995513287756,15
0.314,-68.57565159121947,28.254025652905757,15
0.315,-68.72824400632643,28.1009188651505,15
0.316,-68.32486647410065,28.503782009355888,15
0.317,-68.76257349373947,28.06556058646867,15
0.318,-68.6549582034495,28.172661458426372,15
0.319,-68.92925857854637,27.89784665005758,15
0.32,-69.00348940202208,27.823101378514508,15
0.321,-68.66026539174936,28.165810926068744,15
0.322,-69.50596712473384,27.319594715858962,15
0.323,-67.89710676520986,28.927940583795227,15
0.324,-68.92910770351138,27.89542513968799,15
0.325,-70.09274778331402,26.73127054000611,15
0.326,-69.2367799083003,27.586723881211572,15
0.327,-68.719597743985,28.103391497934197,15
0.328,-68.36223583057982,28.460238850106872,15
0.329,-68.0154548925518,28.806505213407213,15
0.33,-68.21507837931719,28.606367138563694,15
0.331,-69.14251225230774,27.678418664289307,15
0.332,-69.22343139600828,27.596984906244003,15
0.333,-69.92710121343339,26.892800461558085,15
0.334,-69.22834984802999,27.591037186929487,15
0.335,-69.49058154570585,27.328290836595407,15
0.336,-70.30633473889024,26.512022978271514,15
0.337,-70.6700308092139,26.147812230472137,15
0.338,-70.40830764942928,26.4090207005899,15
0.339,-70.9690693257647,25.847744322541544,15
0.34,-71.72217750019186,25.094121434500607,15
0.341,-71.55853276522917,25.257251444093868,15
0.342,-71.40017632936025,25.41509314298294,15
0.343,-71.87326741829482,24.941487305603438,15
0.34400000000000003,-72.2973828598845,24.516857104249073,15
0.34500000000000003,-72.11963627388866,24.694088919305855,15
0.34600000000000003,-73.34604818102419,23.46716223020236,15
0.34700000000000003,-74.4894312752143,22.32326434316085,14
0.34800000000000003,-75.01388285667817,21.798297958107668,14
0.34900000000000003,-75.09719819570468,21.714467804899517,14
0.35000000000000003,-74.74092490798445,22.070226267991394,14
0.35100000000000003,-73.43032937100908,23.38030697003738,15
0.352,-72.68566009325563,24.1244614027061,15
0.353,-72.8168483067819,23.992758334085522,15
0.354,-72.82540647498287,23.983685300926474,15
0.355,-73.65134804434841,23.157228856884934,15
0.356,-73.62573303371074,23.182328983274534,15
0.357,-73.82561544714399,22.981931676167132,14
0.358,-73.50888021263854,23.29815200771829,15
0.359,-74.16095445598636,22.645562852282076,14
0.36,-73.66691395534772,23.13908843184429,15
0.361,-72.34968853077049,24.45579892650317,15
0.362,-72.45007810178406,24.354894416875506,15
0.363,-72.121747369901,24.682710201594894,15
0.364,-71.56649912401001,25.23744349191891,15
0.365,-71.94088292250757,24.862544729597367,15
0.366,-71.7800834198661,25.02282926030417,15
0.367,-71.80142240878196,25.00097529148934,15
0.368,-71.75096856185117,25.050914150703285,15
0.369,-72.42643519973733,24.374932517428853,15
0.37,-72.4114655796848,24.38938713456824,15
0.371,-72.00315035164128,24.797187352320268,15
0.372,-70.81832926291484,25.98149342352347,15
0.373,-70.08977507867522,26.709532583154786,15
0.374,-68.39729843527216,28.401494195011114,15
0.375,-69.20112606285056,27.597151529094333,15
0.376,-68.60903494381064,28.18872760315096,15
0.377,-68.61342142308978,28.18382607239048,15
0.378,-66.94883403206902,29.84789840557868,15
0.379,-67.84394732810927,28.95227004550156,15
0.38,-68.72921274235425,28.066489561162356,15
0.381,-69.37902849335771,27.416158734154333,15
0.382,-71.2704903224919,25.52418182325225,15
0.383,-71.75706664343065,25.037090414929377,15
0.384,-72.4180883814937,24.37555358401309,15
0.385,-72.29611147073167,24.49701539659994,15
0.386,-72.019699133916,24.7729126300657,15
0.387,-70.47811412676292,26.313982528841397,15
0.388,-69.76789404674831,27.023687495598445,15
0.389,-70.3560736912875,26.43499273306884,15
0.39,-71.18793135738238,25.602619944398096,15
0.391,-70.83010875003136,25.959927424735238,15
0.392,-71.99345869295261,24.79606235050953,15
0.393,-70.48908154629216,26.299924361722496,15
0.394,-69.58694478183257,27.2015459867391,15
0.395,-70.09175358619042,26.696222039090365,15
0.396,-71.6107081447634,25.17675233352626,15
0.397,-70.51813952913673,26.268805798609204,15
0.398,-70.69027357658909,26.0961565972083,15
0.399,-69.73070334761448,27.05521166897729,15
0.4,-71.16471234944812,25.62068750682875,15
0.401,-71.71368531970722,25.07119937329334,15
0.402,-71.73771849092482,25.046651035985917,15
0.403,-71.72591611132924,25.057938246826083,15
0.404,-72.1277770562117,24.655562130670635,15
0.405,-71.62113729093358,25.16168672230615,15
0.406,-72.54043588778093,24.241872949594697,15
0.40700000000000003,-72.65334691174226,24.128446747695847,15
0.40800000000000003,-72.54313215348196,24.23814632609337,15
0.40900000000000003,-72.109385093167,24.671378204768484,15
0.41000000000000003,-71.52885017821588,25.25139793645092,15
0.41100000000000003,-72.49845157658635,24.281281353331185,15
0.41200000000000003,-73.76963544906276,23.009582294773253,15
0.41300000000000003,-72.65145858054531,24.127243976025305,15
0.41400000000000003,-72.36403602471907,24.414151343550632,15
0.41500000000000004,-72.9867714110328,23.790900768048942,15
0.41600000000000004,-71.67200389837596,25.10515309077924,15
0.417,-71.60344693584621,25.1731948627924,15
0.418,-70.65294058485782,26.12318602282272,15
0.419,-70.66487970560308,26.110731710826478,15
0.42,-69.01856697928224,27.75652924575212,15
0.421,-67.69193480453694,29.082646229106665,15
0.422,-68.08504112036537,28.689024722040667,15
0.423,-67.44724174074142,29.326308910729,15
0.424,-67.10607162009721,29.66696384088835,15
0.425,-66.17691753859461,30.595602732505704,15
0.426,-67.22541713203049,29.54658794993309,15
0.427,-66.85883312600436,29.91265676771993,15
0.428,-66.19708568010346,30.573889026427956,15
0.429,-67.90447807900773,28.865981441526237,15
0.43,-69.06483950173123,27.705104834149786,15
0.431,-70.89048405040815,25.878945102313494,15
0.432,-71.17112283480772,25.597791136397273,15
0.433,-70.61961545071622,26.14878334076402,15
0.434,-69.437348027617,27.330535586079616,15
0.435,-69.4899999805776,27.27736845742578,15
0.436,-68.24762040448667,28.51923286006314,15
0.437,-69.55691015154403,27.20942794194122,15
0.438,-71.08252930052748,25.683293624431606,15
0.439,-71.17659759580793,25.588710163312808,15
0.44,-70.90116392921398,25.863628666905704,15
0.441,-70.98318971023036,25.781087725875025,15
0.442,-72.7539343885633,24.009827890664127,15
0.443,-72.80848397047608,23.95476315515925,15
0.444,-73.8714213819108,22.89131059356796,14
0.445,-73.24995320906802,23.512263619839352,15
0.446,-72.90524447624026,23.85645720983062,15
0.447,-73.66068016954885,23.100506377570106,15
0.448,-74.03147361792848,22.729197794272956,14
0.449,-74.84081709597017,21.919339185497975,14
0.45,-74.78890349697998,21.97073765808892,14
0.451,-73.89248083894002,22.866645194213618,14
0.452,-74.64584810424964,22.112762811622623,14
0.453,-74.13001009995469,22.628085703420062,14
0.454,-74.49481888352595,22.2627618122852,14
0.455,-75.06329389746378,21.6937716958677,14
0.456,-75.03852861837987,21.71802187770598,14
0.457,-75.78653994636586,20.96949545785852,13
0.458,-76.10398935745185,20.651530960445406,13
0.459,-76.94436036713515,19.810644870119543,13
0.46,-75.1208832312265,21.633606931220413,14
0.461,-74.974796686445,21.779178407179227,14
0.462,-75.44565334035526,21.307806690581693,14
0.463,-75.13768171204146,21.615263262494004,14
0.464,-75.11326061991845,21.639169304651702,14
0.465,-75.18003190144495,21.57188297974652,14
0.466,-74.54947985678079,22.201919987769088,14
0.467,-73.82481166208294,22.926073152712995,14
0.468,-74.20013771123905,22.550232080841113,14
0.46900000000000003,-74.59800617690065,22.151848599652517,14
0.47000000000000003,-74.72970434672872,22.019635421636877,14
0.47100000000000003,-76.54159805275893,20.207226714909183,13
0.47200000000000003,-77.62662242726049,19.12168734735093,13
0.47300000000000003,-76.27132122668046,20.47647356266582,13
0.47400000000000003,-74.7388341015926,22.00844571043087,14
0.47500000000000003,-74.84261766616018,21.904147176633654,14
0.47600000000000003,-74.25553906568759,22.490710816120615,14
0.47700000000000004,-73.91245202238821,22.833282906829293,14
0.47800000000000004,-71.28133312438145,25.46388686079121,15
0.47900000000000004,-70.3847391256953,26.35996592412934,15
0.48,-70.56132829078673,26.182861832537764,15
0.481,-71.41900004122954,25.324675164593707,15
0.482,-72.78354948520757,23.95961081226442,15
0.483,-72.58822797242202,24.154417425999842,15
0.484,-73.1988007278587,23.543329780965298,15
0.485,-74.33860865149364,22.403006977335977,14
0.486,-74.78762685749743,21.953473901092547,14
0.487,-75.58029827507205,21.16028762318427,14
0.488,-74.03863207366804,22.70143897431194,14
0.489,-73.22838654253584,23.51116966537646,15
0.49,-73.19025372806684,23.548787650137832,15
0.491,-71.91613878316473,24.822387775843787,15
0.492,-71.85928520451529,24.87872654596,15
0.493,-72.58519319076446,24.15230376199204,15
0.494,-71.29901494795013,25.437967218053544,15
0.495,-70.88266238026975,25.853805010098633,15
0.496,-71.79361643406364,24.9423361919386,15
0.497,-71.9637069176014,24.77173095545549,15
0.498,-72.69677277507034,24.038150356613663,15
0.499,-73.8221848276461,22.912223574389216,14
0.5,-72.98226390769501,23.751629776567533,15
0.501,-71.35813985752,25.37523912099755,15
0.502,-72.54986659837274,24.182997686579345,15
0.503,-72.06254927876078,24.669800324957272,15
0.504,-72.6038807052837,24.127954229683656,15
0.505,-72.98746162537192,23.743858653479982,15
0.506,-73.44313131123121,23.287674324292468,15
0.507,-74.10632939092537,22.623961614209314,14
0.508,-73.98402132538368,22.74575506245331,14
0.509,-74.5978853185435,22.131376465239132,14
0.51,-74.27112831244544,22.457618880678325,14
0.511,-74.22403005313575,22.50420256287677,14
0.512,-74.33564280044988,22.392075252151198,14
0.513,-74.99871983416571,21.728483668875963,14
0.514,-75.36007125342226,21.36661771406429,14
0.515,-74.59900287539868,22.127171570689335,14
0.516,-74.07989745587894,22.645762483119462,14
0.517,-74.81098372744434,21.9141617189257,14
0.518,-74.61715528423035,22.107475684125014,14
0.519,-73.88871044006476,22.83540606504204,14
0.52,-75.20248858021294,21.52111347656385,14
0.521,-74.62342232891564,22.099665294602254,14
0.522,-75.07034084305532,21.652232362427274,14
0.523,-74.4737021454429,22.248356657380594,14
0.524,-75.01009518894328,21.711449226749913,14
0.525,-76.39116963019421,20.32986041405013,13
0.526,-77.56941991086128,19.151095777768344,13
0.527,-77.30694716228535,19.41305418671638,13
0.528,-76.87887024981988,19.840616775693558,13
0.529,-77.4358599311884,19.28311278712912,13
0.53,-76.68735036285904,20.031108064707727,13
0.531,-77.88151192091865,18.836432232495415,12
0.532,-77.70100222051325,19.01642767549905,13
0.533,-78.47977227205183,18.23714338346254,12
0.534,-78.7622668581727,17.954134573900543,12
0.535,-78.45186466084839,18.264022564993514,12
0.536,-78.90874115193081,17.806631885042556,12
0.537,-78.95151234235149,17.763346523269213,12
0.538,-77.83581468432675,18.87853002761026,12
0.539,-78.08126538830251,18.63256518777287,12
0.54,-77.14206525759815,19.571251200590854,13
0.541,-77.87481331903359,18.837989039397478,12
0.542,-77.19806920304251,19.514219073912294,13
0.543,-75.79005731141284,20.9217169025006,13
0.544,-77.69259712731777,19.018663042142542,13
0.545,-78.12618223385805,18.584563909890658,12
0.546,-77.39970883788098,19.31052329905103,13
0.547,-77.35096900120827,19.358749147955354,13
0.548,-76.82657793010416,19.882626250492788,13
0.549,-77.13401618553573,19.574674045849736,13
0.55,-76.85476963607805,19.853406665604613,13
0.551,-76.78808021384653,19.919582177795537,13
0.552,-75.62335022810393,21.083798273313295,14
0.553,-75.26469596888194,21.441938662279814,14
0.554,-74.85112560913885,21.8549951718904,14
0.555,-75.07729776030853,21.628309190864883,14
0.556,-75.35731612610117,21.347777015646734,14
0.557,-75.58026982680143,21.124309526105026,14
0.558,-75.1064594380022,21.597606146800622,14
0.559,-75.32965473660249,21.3738971009883,14
0.56,-74.9527544936798,21.7502836177444,14
0.561,-73.10587795705473,23.596646449402172,15
0.562,-72.33429968421983,24.36771103862293,15
0.5630000000000001,-72.58908057885313,24.11241648188259,15
0.5640000000000001,-71.56350166534844,25.137481754941263,15
0.5650000000000001,-71.91718950493552,24.78328029672321,15
0.5660000000000001,-73.61223837067762,23.087717834319186,15
0.5670000000000001,-74.38280123946573,22.316641390992228,14
0.5680000000000001,-75.83990971439572,20.859019363800584,13
0.5690000000000001,-75.97518686369085,20.723228684675075,13
0.5700000000000001,-75.79733093116097,20.90057110996,13
0.5710000000000001,-74.24766336070851,22.44972519590712,14
0.5720000000000001,-73.8821910258576,22.814684069146498,14
0.5730000000000001,-73.98535152448541,22.71101013195522,14
0.5740000000000001,-73.21234696178422,23.48350127929526,15
0.5750000000000001,-74.99877502583335,21.696559823241593,14
0.5760000000000001,-74.6788950106105,22.01592646997089,14
0.577,-73.92660884440171,22.76769929135144,14
0.578,-75.07503901864983,21.61875579609481,14
0.579,-73.99665738253832,22.696624135171966,14
0.58,-73.63101041747244,23.0617578273321,15
0.581,-73.90678281515625,22.785472181025664,14
0.582,-73.29985281024554,23.39188896175136,15
0.583,-71.35500279060497,25.336225781799094,15
0.584,-71.22499536205706,25.46572003550093,15
0.585,-71.04493667571232,25.645265571900985,15
0.586,-71.46045309085878,25.229236031865845,15
0.587,-72.18401574412927,24.505160278917387,15
0.588,-71.48128925642952,25.207373692304568,15
0.589,-72.20907170671943,24.479078193222243,15
0.59,-72.13621957157991,24.551417305244247,15
0.591,-72.52296275555132,24.164161123985053,15
0.592,-72.09860752416972,24.58800338406339,15
0.593,-71.81201081572887,24.874087147340397,15
0.594,-70.95145122064825,25.734133823551435,15
0.595,-71.41223499804188,25.272837153737463,15
0.596,-71.65481613799618,25.02974314796697,15
0.597,-72.47715982093635,24.20688662596975,15
0.598,-72.8220684127859,23.8614652219773,15
0.599,-72.46986115822429,24.213159691465208,15
0.6,-71.81592264990425,24.866585441935793,15
0.601,-72.584505609623,24.097489751746963,15
0.602,-71.83220423491817,24.849278423516203,15
0.603,-70.70573887066638,25.975231112522046,15
0.604,-70.40783134704093,26.27262598874641,15
0.605,-68.90481469065298,27.775130025733308,15
0.606,-69.66615089395829,27.013281231182273,15
0.607,-70.78855882164211,25.890360740563306,15
0.608,-72.31015481996182,24.36825220777433,15
0.609,-71.04745650231004,25.630438019578087,15
0.61,-70.5351700782889,26.142211966527796,15
0.611,-70.6337311323235,26.04313846435375,15
0.612,-70.44924015040077,26.22711702722445,15
0.613,-71.44088664564028,25.234958142175763,15
0.614,-69.42288243673227,27.252449990672957,15
0.615,-69.41202777320949,27.262792323338772,15
0.616,-69.41804217097618,27.256265624424508,15
0.617,-68.91117354499953,27.76262197911855,15
0.618,-68.62807366692417,28.045209615931856,15
0.619,-68.57007768885212,28.102693382918037,15
0.62,-69.35791551653752,27.314343374478614,15
0.621,-69.06472702145777,27.60701971929187,15
0.622,-67.61016333994023,29.061071281186127,15
0.623,-66.65998592612046,30.01073660618161,15
0.624,-65.54171790290233,31.12849257153016,15
0.625,-66.21820405021013,30.45149439746333,15
0.626,-67.26542278969741,29.403763662483385,15
0.627,-67.55233344713797,29.116341040972358,15
0.628,-67.67677112691577,28.99139142870218,15
0.629,-66.93257092120945,29.735079733650124,15
0.63,-68.5355436240376,28.131595161953502,15
0.631,-67.39484638547432,29.27178056369422,15
0.632,-67.70314651765787,28.962968626889992,15
0.633,-68.22267179361677,28.442931578668325,15
0.634,-69.20805816631463,27.457033466221638,15
0.635,-70.68851421756445,25.976065707893007,15
0.636,-70.04892179927884,26.615146451925934,15
0.637,-70.05846647676314,26.60509013317118,15
0.638,-71.20132341920988,25.461721582592418,15
0.639,-72.3026810700403,24.359852356924563,15
0.64,-72.56217158360595,24.099850301972268,15
0.641,-71.14399693103063,25.51751344676798,15
0.642,-71.38639085960244,25.27460804417984,15
0.643,-72.65321759297743,24.00726987070813,15
0.644,-72.82364848815054,23.836327569514204,15
0.645,-73.0096617512633,23.649802934612882,15
0.646,-75.20418970682323,21.454763641653003,14
0.647,-75.11325619997716,21.54518584564415,14
0.648,-75.17282137522524,21.48510940224259,14
0.649,-74.4589351493069,22.198484394865353,14
0.65,-72.81491432287798,23.841994023013054,15
0.651,-71.83737731221964,24.819019870561046,15
0.652,-72.05940049175746,24.596485563240307,15
0.653,-72.96910825322915,23.686266709469646,15
0.654,-70.7821122141842,25.872751691856184,15
0.655,-70.77338402690215,25.880968858276955,15
0.656,-70.80263616748206,25.851205732789552,15
0.657,-70.86233333367625,25.790997617798336,15
0.658,-70.73481620264,25.91800383630469,15
0.659,-70.89715465568763,25.755154507151005,15
0.66,-71.40998688843514,25.24181143487803,15
0.661,-71.87998597736687,24.771301543158177,15
0.662,-71.90361310878016,24.74716364585091,15
0.663,-72.35095319732065,24.2993128284674,15
0.664,-72.92126606252896,23.728489271623857,15
0.665,-72.78740890850614,23.8618357713761,15
0.666,-72.95943401367708,23.689300049456122,15
0.667,-71.66174917335846,24.986474310704175,15
0.668,-73.87131325902135,22.77639968380614,14
0.669,-72.88013483869855,23.76706760088615,15
0.67,-71.80002728964578,24.84666468484551,15
0.671,-73.52365556414044,23.122525983563808,15
0.672,-73.73902030932823,22.906650850052415,14
0.673,-73.96965873639016,22.675502073287355,14
0.674,-75.0526700907258,21.591980408026167,14
0.675,-75.56866873694327,21.075471489817858,14
0.676,-76.34073589159856,20.30289410226355,13
0.677,-74.70108641104909,21.942033389162994,14
0.678,-73.80609953203057,22.83651011393769,14
0.679,-72.6675683208913,23.974531210396535,15
0.68,-72.03185430938302,24.609735146945045,15
0.681,-72.96065604281503,23.680423378431144,15
0.682,-73.34954357093166,23.29102585526784,15
0.683,-72.87967750899892,23.76038196234638,15
0.684,-73.8519148420976,22.787634714743355,14
0.685,-73.17594723845002,23.46309244439377,15
0.686,-73.31980845283182,23.318721396679397,15
0.687,-73.56974828330698,23.06827177369364,15
0.6880000000000001,-72.90671284720759,23.730797458261826,15
0.6890000000000001,-72.49197465556693,24.14502593950815,15
0.6900000000000001,-72.76345925967233,23.87303166630278,15
0.6910000000000001,-71.75975494538224,24.87622635294473,15
0.6920000000000001,-72.6593499352225,23.976121777065707,15
0.6930000000000001,-72.11168212237797,24.523280045638383,15
0.6940000000000001,-71.60489754248488,25.0295551231841,15
0.6950000000000001,-71.86903545981916,24.764907745584537,15
0.6960000000000001,-71.59394933716585,25.039484450212242,15
0.6970000000000001,-72.64153155738133,23.99139285436852,15
0.6980000000000001,-71.83829978257558,24.794115296101022,15
0.6990000000000001,-71.9893990369798,24.642506751336242,15
0.7000000000000001,-72.41538425413715,24.216012286688734,15
0.7010000000000001,-71.51722984380508,25.113657492558787,15
0.7020000000000001,-72.11312326376785,24.517254911319878,15
0.7030000000000001,-73.27073359003916,23.359135467116086,15
0.704,-74.50525137584877,22.124108606875453,14
0.705,-73.89187772801598,22.73697322393652,14
0.706,-74.87184051462775,21.756501450370163,14
0.707,-73.28843271532595,23.339400306692365,15
0.708,-74.9590673605111,21.66825676266051,14
0.709,-73.42067380130096,23.206141467314744,15
0.71,-73.17913778446845,23.447168674040096,15
0.711,-73.20317472415546,23.42262296885262,15
0.712,-73.5989849329802,23.026304039292068,15
0.713,-73.19385984338668,23.430920453072467,15
0.714,-73.16816572449325,23.45610594123346,15
0.715,-72.19466612585946,24.429096954373563,15
0.716,-72.0826423528441,24.54061218729202,15
0.717,-71.9450976567387,24.677648388855435,15
0.718,-72.24043677662259,24.381800820142544,15
0.719,-72.26893016822238,24.352799025584886,15
0.72,-71.99295074041575,24.62827009646294,15
0.721,-73.40620353344806,23.21450899268951,15
0.722,-74.46189305670863,22.15831120503347,14
0.723,-73.73605604338027,22.883640000470223,14
0.724,-73.51527471334666,23.10391315927436,15
0.725,-73.59842756777009,23.020252180441787,15
0.726,-73.50992177606115,23.108249894720252,15
0.727,-73.15123200678357,23.466431633704275,15
0.728,-73.54482795346603,23.072327704023547,15
0.729,-74.1210639101159,22.495583811829007,14
0.73,-73.86412819022185,22.752011643790347,14
0.731,-74.59398302613593,22.021648967713915,14
0.732,-74.14149772018487,22.47362648143139,14
0.733,-75.46254039739767,21.152076060072172,14
0.734,-74.45896722113585,22.155141540433213,14
0.735,-73.95839108057555,22.655210033496807,14
0.736,-73.65794830837643,22.955145206761806,14
0.737,-72.76522195626794,23.84736400865726,15
0.738,-71.34039367196638,25.271684791625386,15
0.739,-70.51404144815861,26.097529563137876,15
0.74,-72.09524286806275,24.51582074013515,15
0.741,-73.14641752081722,23.464138733637427,15
0.742,-73.61104241107529,22.99900653915001,14
0.743,-73.5157807210068,23.09376097466167,15
0.744,-73.01554076469809,23.593493726244755,15
0.745,-73.56936589399096,23.039161442216084,15
0.746,-73.3421841476191,23.26583608400068,15
0.747,-73.90761668387803,22.699896493461704,14
0.748,-74.33080315615173,22.27620301737391,14
0.749,-75.39833602573492,21.20816319460133,14
0.75,-76.02115116053899,20.58484115739133,13
0.751,-76.97537857649891,19.63010688996771,13
0.752,-77.57891788831391,19.02606077779005,13
0.753,-76.47053702288312,20.133934894118035,13
0.754,-77.07228429479544,19.531680924521602,13
0.755,-74.67128205936118,21.93217651384931,14
0.756,-74.14523415593385,22.457717822906503,14
0.757,-73.89678620734225,22.70565922902329,14
0.758,-74.5258390779372,22.07609986800774,14
0.759,-73.83352208035507,22.767910427382464,14
0.76,-74.23002527823775,22.37090084366447,14
0.761,-74.03050661479297,22.569913173805016,14
0.762,-71.8114260919245,24.78848741605931,15
0.763,-71.89004271151686,24.709364568701876,15
0.764,-70.92988569434726,25.669015411114472,15
0.765,-71.54869781315227,25.0496971707196,15
0.766,-71.58709738694701,25.0107915286612,15
0.767,-70.1222446571141,26.475138243715723,15
0.768,-70.71004985764863,25.88682708204715,15
0.769,-69.24568828997384,27.350682742391395,15
0.77,-68.75861667491743,27.837248504079874,15
0.771,-69.34739604175205,27.247963337999074,15
0.772,-68.91896154944821,27.675892085337658,15
0.773,-68.2248145487513,28.36953339550942,15
0.774,-67.85014584441981,28.74369646391507,15
0.775,-69.3134382847953,27.27989844237228,15
0.776,-70.01709269272645,26.57573850819157,15
0.777,-70.29376466237423,26.298561067371256,15
0.778,-70.4154544808022,26.176365833007047,15
0.779,-69.95423713061615,26.6370778226524,15
0.78,-69.87988143192169,26.710928216361065,15
0.781,-71.06681304093566,25.523491358075493,15
0.782,-70.77960926268389,25.810189942929185,15
0.783,-70.31232626110973,26.276967807138163,15
0.784,-69.90600639743894,26.68278258963603,15
0.785,-69.08270084632014,27.505583115933558,15
0.786,-68.49765117679165,28.09012781715183,15
0.787,-68.24767860944034,28.339595472863387,15
0.788,-68.44795269007037,28.138816537423516,15
0.789,-69.96319104954178,26.623073380131636,15
0.79,-69.67927543041417,26.906484258587604,15
0.791,-69.59131150317188,26.993943502466564,15
0.792,-69.4537653959994,27.13098498374356,15
0.793,-70.60938084300308,25.97486496847171,15
0.794,-71.55606298565884,25.027678315334654,15
0.795,-70.69005158493448,25.893185263524153,15
0.796,-70.767437500073,25.815294953956766,15
0.797,-70.24211529848202,26.34011281938445,15
0.798,-70.28104348911006,26.300680351018272,15
0.799,-70.31725455965142,26.26396506132357,15
0.8,-69.59649967973819,26.984215780827853,15
0.801,-70.11406637273932,26.46614498632183,15
0.802,-70.10187569008713,26.477831626532854,15
0.803,-70.55458571032541,26.02461762307677,15
0.804,-70.96612338943571,25.612576020131762,15
0.805,-71.25701522044459,25.321180324830944,15
0.806,-71.09446316322857,25.48322857745752,15
0.807,-71.52132302472555,25.05586497123334,15
0.808,-70.48869179711326,26.087992514140407,15
0.809,-71.28570003419253,25.29048065253766,15
0.81,-71.46229812969794,25.113378992850297,15
0.811,-71.84215703861052,24.733016580257107,15
0.812,-70.63782986121215,25.936840314635965,15
0.8130000000000001,-70.52159947092467,26.052567322724897,15
0.8140000000000001,-69.7154130541606,26.858250418271204,15
0.8150000000000001,-71.03505138155968,25.538108830794997,15
0.8160000000000001,-70.8444334908207,25.728223522757368,15
0.8170000000000001,-70.14373045626716,26.42842341999467,15
0.8180000000000001,-70.1425083079264,26.42914249263948,15
0.8190000000000001,-69.32372911960589,27.24741866704423,15
0.8200000000000001,-69.85401441503952,26.716630419634946,15
0.8210000000000001,-68.7608960363965,27.809245908402342,15
0.8220000000000001,-66.97177571911868,29.59786339806454,15
0.8230000000000001,-67.46783055704745,29.10130579494011,15
0.8240000000000001,-68.0128345868576,28.55579906251424,15
0.8250000000000001,-66.95692445770226,29.611206551793785,15
0.8260000000000001,-65.83835684727349,30.72927158524667,15
0.8270000000000001,-66.51301270831554,30.05411321028869,15
0.8280000000000001,-67.07534444135827,29.49127902655002,15
0.8290000000000001,-67.50013230934658,29.065988771245795,15
0.8300000000000001,-68.7917158033354,27.773902953481123,15
0.8310000000000001,-69.67758038294038,26.88753611380045,15
0.8320000000000001,-70.59915417647494,25.965460124050445,15
0.833,-71.28736590342163,25.276746264908635,15
0.834,-71.33842490842108,25.225185191894496,15
0.835,-71.16386851840176,25.3992395782397,15
0.836,-69.90169005133697,26.660916106131065,15
0.837,-70.8097390907023,25.75236519225317,15
0.838,-70.03267598295578,26.528926490308113,15
0.839,-70.2832920253127,26.277808703240808,15
0.84,-70.38711269060121,26.173486358383272,15
0.841,-69.88450181068448,26.675595624032535,15
0.842,-70.89692756331699,25.66266832259435,15
0.843,-70.61720575285773,25.941888649869913,15
0.844,-70.528322229471,26.030270755855177,15
0.845,-70.17193961117154,26.386152022695647,15
0.846,-69.99892170837076,26.558668640140173,15
0.847,-68.03147213031465,28.525616999103036,15
0.848,-68.71502305806125,27.84156491868647,15
0.849,-69.28251765836491,27.273569232296424,15
0.85,-69.90399747789414,26.65158839342469,15
0.851,-70.44440412973631,26.110680789144215,15
0.852,-71.03136979259449,25.52321424091227,15
0.853,-70.07603260291737,26.478050612440494,15
0.854,-68.96645578605046,27.58712667854372,15
0.855,-69.55729228655726,26.995789494818823,15
0.856,-70.34211436565163,26.210466800212316,15
0.857,-70.01135469846412,26.540725919754024,15
0.858,-70.54516724291227,26.00641289568681,15
0.859,-70.0720833231239,26.478996404043265,15
0.86,-69.97558839518574,26.57499098889708,15
0.861,-71.31229876151887,25.237780347987595,15
0.862,-70.04812900240545,26.501449901193098,15
0.863,-68.6280344681075,27.92104429841199,15
0.864,-69.26791038142024,27.28066831700955,15
0.865,-69.6950650731894,26.853013626300495,15
0.866,-69.54504107025946,27.00253769960083,15
0.867,-69.36067069107993,27.186408218621526,15
0.868,-68.91421893294665,27.632360186227288,15
0.869,-67.36161498784351,29.184464410594693,15
0.87,-67.69006712231023,28.855512625344566,15
0.871,-68.52217478018584,28.022905386798406,15
0.872,-69.8042543263231,26.74032633026397,15
0.873,-70.49589912429325,26.048182092330624,15
0.874,-70.57963313853297,25.963948708722192,15
0.875,-69.14013609959521,27.402946449046333,15
0.876,-69.68114048332633,26.861442837617254,15
0.877,-69.58400511139581,26.95807905292606,15
0.878,-69.69058666268108,26.850998416255933,15
0.879,-68.7910173319936,27.75006873295603,15
0.88,-66.81433622939511,29.726250893125226,15
0.881,-67.45973131865976,29.08035693314998,15
0.882,-68.04492470347121,28.494664749507276,15
0.883,-67.33139925024092,29.207691475946316,15
0.884,-66.94775523519365,29.590836836402982,15
0.885,-65.61083667371669,30.927256815650665,15
0.886,-65.37762168451488,31.15997329514517,15
0.887,-65.93820957073545,30.59888697189998,15
0.888,-65.6864448483058,30.850153330148355,15
0.889,-65.01399894215128,31.52210094512568,15
0.89,-64.60821322572593,31.927388443538575,15
0.891,-64.4792012139364,32.055902310641144,15
0.892,-63.89020966672757,32.644395786649234,15
0.893,-63.23950721150061,33.294600244322396,15
0.894,-62.43788228291292,34.09572724916397,15
0.895,-62.27834851559578,34.25476316670342,15
0.896,-62.80373085237223,33.72888305427846,15
0.897,-63.04718057398789,33.484935631304275,15
0.898,-62.3996139823822,34.132004596002155,15
0.899,-63.460769070130844,33.070351955957214,15
0.9,-63.493570561018295,33.03705298754576,15
0.901,-64.15884181613525,32.3712843298379,15
0.902,-64.44656164972974,32.08306716874641,15
0.903,-63.683560766643666,32.84557079959019,15
0.904,-63.855423894944266,32.67321049446283,15
0.905,-64.14079272283263,32.38734456532407,15
0.906,-65.58432955549252,30.943310707150964,15
0.907,-65.21870906217924,31.308434250849075,15
0.908,-64.95159197159641,31.575054467875603,15
0.909,-63.43302144702273,33.093128195112726,15
0.91,-64.03024156831594,32.495411352863556,15
0.911,-64.16544358989799,32.35971268686702,15
0.912,-64.27017231500002,32.25448739405282,15
0.913,-63.26633492623793,33.257828291965986,15
0.914,-63.693827667390224,32.82983913698889,15
0.915,-63.79300806949125,32.73016239824806,15
0.916,-63.61479966336213,32.9078745450833,15
0.917,-63.794151509215524,32.72802651744284,15
0.918,-64.49286238234794,32.028819540191094,15
0.919,-64.63102959814515,31.89015629810321,15
0.92,-64.0323019218839,32.48838802606337,15
0.921,-65.20413685157654,31.316057226220163,15
0.922,-65.36492322175955,31.154775064198038,15
0.923,-66.21217730337456,30.30702526921633,15
0.924,-65.4495552912601,31.069151646597444,15
0.925,-66.97806854876819,29.54014283315031,15
0.926,-67.64361691615176,28.874098988782965,15
0.927,-67.5041139836751,29.013106523392107,15
0.928,-66.382044403481,30.134680784995894,15
0.929,-66.66154753171377,29.854682417611016,15
0.93,-67.33699139764376,29.17874339212809,15
0.931,-65.9593676233307,30.555872086648392,15
0.932,-67.4055516095351,29.109193100572398,15
0.933,-69.41834896227603,27.095900828042048,15
0.934,-69.15621158875116,27.35754336202065,15
0.935,-69.68809127803833,26.825168913591405,15
0.936,-70.630541994615,25.882223518437847,15
0.937,-70.09701134921843,26.415259565983753,15
0.9380000000000001,-69.97124301645184,26.540533381786922,15
0.9390000000000001,-70.52244301721855,25.988838945105066,15
0.9400000000000001,-71.64731156297955,24.863476044638215,15
0.9410000000000001,-70.93698268220398,25.573310652078284,15
0.9420000000000001,-70.43998695582947,26.069812186648676,15
0.9430000000000001,-70.58615783765718,25.923147194709276,15
0.9440000000000001,-69.10838371930095,27.400427284807314,15
0.9450000000000001,-70.11542427161012,26.392892786254478,15
0.9460000000000001,-71.46102597327666,25.046797220519892,15
0.9470000000000001,-72.05963519773108,24.447694214334067,15
0.9480000000000001,-72.09689101329667,24.409944699534822,15
0.9490000000000001,-71.8924674863839,24.613874609872745,15
0.9500000000000001,-72.09929420714897,24.40655435535269,15
0.9510000000000001,-71.80454115332415,24.70081395840349,15
0.9520000000000001,-72.85525563184859,23.64960611224706,15
0.9530000000000001,-71.62255077267037,24.881817687096444,15
0.9540000000000001,-71.70823227493383,24.795642983968328,15
0.9550000000000001,-70.79308721991659,25.710294921746257,15
0.9560000000000001,-70.55878970423032,25.9440994039796,15
0.9570000000000001,-70.23912616289105,26.263269995813445,15
0.9580000000000001,-69.83835460538356,26.663548687924127,15
0.9590000000000001,-69.55521182930198,26.94619868287861,15
0.96,-69.12130741696036,27.37961039852395,15
0.961,-68.13399899431245,28.366426209067534,15
0.962,-68.12819828196935,28.37173439405934,15
0.963,-67.69652860770705,28.802911625884505,15
0.964,-67.94646899625735,28.552478879972355,15
0.965,-66.9142414716334,29.584214132470873,15
0.966,-67.68353633420784,28.814427083168532,15
0.967,-66.361942422787,30.135528893420126,15
0.968,-66.62440747571218,29.872571825045494,15
0.969,-68.03293827265009,28.463549098539037,15
0.97,-68.08881953990789,28.407175987754748,15
0.971,-68.81547326784903,27.680030502490315,15
0.972,-68.2476764057119,28.247335693668482,15
0.973,-68.94452327108696,27.549997243859913,15
0.974,-69.44190993972067,27.05211907747932,15
0.975,-71.1198269136532,25.373710692647652,15
0.976,-71.53548336270605,24.957562919704568,15
0.977,-73.5742167781527,22.918338267537727,14
0.978,-74.8329516262076,21.65911227009383,14
0.979,-74.09184168004242,22.399731154362343,14
0.98,-73.35936097589362,23.131720884267985,15
0.981,-72.95594540655247,23.534645567180622,15
0.982,-73.72674456540744,22.76335560987294,14
0.983,-73.70232561906133,22.787283845903303,14
0.984,-73.64229842507503,22.846820417871953,14
0.985,-74.54509767984196,21.943530629546636,14
0.986,-73.1982957783113,23.289842086139338,15
0.987,-72.42609029340966,24.06155721488461,15
0.988,-72.59826577285646,23.88889146822418,15
0.989,-72.5575342255874,23.929132837383516,15
0.99,-72.36759295024346,24.118584023882782,15
0.991,-74.05660020358596,22.42908677112185,14
0.992,-74.1857484048112,22.299448660065547,14
0.993,-74.671425536747,21.81328170804725,14
0.994,-75.40359157589762,21.08062593872382,14
0.995,-75.50736868219681,20.97635919232269,13
0.996,-73.87832479461842,22.604913530031183,14
0.997,-73.27660166458342,23.20614720058947,15
0.998,-73.70699418634852,22.77526530990201,14
0.999,-73.16909120716188,23.31267901088182,15
1.0,-71.96524058178976,24.516040448923775,15
1.0010000000000001,-71.20443470295794,25.276357231463265,15
1.002,-71.19351958461756,25.286783344710315,15
1.0030000000000001,-71.77074044518342,24.7090735704113,15
1.004,-71.20630596723625,25.27301922614662,15
1.0050000000000001,-70.91797772955017,25.56085873330332,15
1.006,-70.2240518469061,26.254295977261663,15
1.0070000000000001,-69.77422492373532,26.703634353751493,15
1.008,-68.9978838796175,27.479486943354306,15
1.0090000000000001,-69.57064671614116,26.90623574464276,15
1.01,-68.57991004589479,27.896484145189483,15
1.0110000000000001,-68.56015363541255,27.915752378621505,15
1.012,-66.97978166136532,29.495636268429067,15
1.0130000000000001,-67.76171004273053,28.71321989579591,15
1.014,-66.49564960509115,29.9787924353002,15
1.0150000000000001,-66.55941708496317,29.914537150587094,15
1.016,-67.32705979387818,29.146406730286152,15
1.0170000000000001,-67.92477670012514,28.54820220626957,15
1.018,-68.36268623002279,28.10980515237974,15
1.0190000000000001,-68.16402820092529,28.307975751423626,15
1.02,-67.8913647746454,28.58015184174964,15
1.0210000000000001,-68.5416178089517,27.929411565750314,15
1.022,-68.70911638918298,27.761425838248,15
1.0230000000000001,-67.0682020235954,29.401853151147684,15
1.024,-65.8379263836184,30.63164183318104,15
1.025,-65.73077633612495,30.738305017636236,15
1.026,-65.95927033282696,30.50932425296246,15
1.027,-66.11051371621367,30.35759419683165,15
1.028,-65.84541757692136,30.62220375876858,15
1.029,-66.95182660219973,29.51530825168474,15
1.03,-67.37754675441353,29.089101713376436,15
1.031,-68.959938644573,27.50622353299456,15
1.032,-68.75950263004117,27.70617335333721,15
1.033,-68.36097035041698,28.104219534966536,15
1.034,-68.91853941295136,27.54616447079269,15
1.035,-67.74311744020181,28.721100538419314,15
1.036,-68.9431612753962,27.520570894779617,15
1.037,-70.29374370329766,26.169502755271573,15
1.038,-70.18594093385741,26.276819910105033,15
1.039,-69.39842498297897,27.063850343537585,15
1.04,-68.1129145311926,28.348875375200034,15
1.041,-68.6609465960914,27.800357987660366,15
1.042,-67.9084889091544,28.552330449600642,15
1.043,-68.11531928718846,28.34501494437507,15
1.044,-68.42552113557974,28.034328066758526,15
1.045,-67.84498921793863,28.614375053301714,15
1.046,-67.48017259265667,28.97870684577417,15
1.047,-68.9835107099433,27.474883994127495,15
1.048,-67.8879314695332,28.569978598788058,15
1.049,-66.91649366699741,29.540931864345865,15
1.05,-67.65197296950383,28.804968123794055,15
1.051,-67.50874942393698,28.947707330409163,15
1.052,-67.28967652526366,29.166295989385425,15
1.053,-67.27354090290852,29.18194747145921,15
1.054,-67.93259006723706,28.522414266426047,15
1.055,-68.66627821113879,27.788242181557457,15
1.056,-68.8334418639653,27.620594687662834,15
1.057,-67.99750776930723,28.45604504131259,15
1.058,-67.718320023479,28.734749146353305,15
1.059,-68.21069301302963,28.241892616396935,15
1.06,-67.73350632040164,28.718595869161962,15
1.061,-70.286198061246,26.165420789158432,15
1.062,-69.41263438238474,27.038501229725274,15
1.063,-70.97625358343491,25.47439889140644,15
1.064,-71.33206549966368,25.1181039390957,15
1.065,-72.30348594702151,24.146200557003603,15
1.066,-73.3817046334312,23.06749903736829,15
1.067,-72.37484571689293,24.073875222350548,15
1.068,-72.76269591175797,23.685542397760038,15
1.069,-72.45803096803873,23.989724813745323,15
1.07,-72.49284559327754,23.95442776292501,15
1.071,-72.09064040708313,24.35615062585128,15
1.072,-72.03746707825945,24.408841733881115,15
1.073,-73.11738704385236,23.328439650129603,15
1.074,-72.25873527963634,24.186609398983148,15
1.075,-72.67368136561342,23.771181400600653,15
1.076,-73.9560132169786,22.488367739948,14
1.077,-74.24870394984889,22.19519530106909,14
1.078,-72.92570045229007,23.517717196059017,15
1.079,-72.19673294055723,24.2462032088236,15
1.08,-72.49404943740093,23.94840531677311,15
1.081,-72.78008972977081,23.661883733118817,15
1.082,-73.03182969208736,23.40966258360107,15
1.083,-71.2790596664621,25.1619515262692,15
1.084,-71.00596074941974,25.434569464759377,15
1.085,-70.70389275434353,25.736156585849137,15
1.086,-69.91484518799449,26.524723382938355,15
1.087,-69.815698787161,26.623389119399423,15
1.088,-70.13464034052376,26.303967006712483,15
1.089,-70.38880141417414,26.049325478946976,15
1.09,-70.5291658005642,25.90848074381163,15
1.091,-70.63543897691063,25.801727324250567,15
1.092,-70.10150583671609,26.335180326921915,15
1.093,-70.15095888891844,26.285247243048566,15
1.094,-69.63246608990394,26.80326011640506,15
1.095,-69.81123423948905,26.624012147335684,15
1.096,-69.85044508731973,26.584321586355255,15
1.097,-71.61534882847715,24.818938238543318,15
1.098,-70.88597840307588,25.547829163946062,15
1.099,-70.65978933346828,25.77353884037185,15
1.1,-69.90094118362317,26.531907704012575,15
1.101,-72.41112709439427,24.021242614175257,15
1.102,-70.6756811103596,25.756209526442547,15
1.103,-70.86259683707999,25.568814835414347,15
1.104,-70.00447296607102,26.42645984973572,15
1.105,-70.96719158812297,25.4632624787771,15
1.106,-70.51710784284509,25.912867583089888,15
1.107,-71.47078600956338,24.95871088350874,15
1.108,-72.02912762560543,24.399890842866743,15
1.109,-70.4547545165119,25.973785635783845,15
1.11,-70.69380250984287,25.734259434860615,15
1.111,-70.58400532507682,25.843578520779197,15
1.112,-69.93596842074551,26.491137435168433,15
1.113,-69.625316741529,26.80131123350887,15
1.114,-69.61433566107476,26.81181454231365,15
1.115,-69.4254909454871,27.000181595639035,15
1.116,-67.54908738495375,28.876107603457854,15
1.117,-67.7945114209718,28.630206124433613,15
1.118,-67.81507815994503,28.609162052323043,15
1.119,-67.1284271617982,29.29533582736199,15
1.12,-66.42372549793927,29.99956037830296,15
1.121,-65.67954673298027,30.743262140694497,15
1.122,-65.42123064309628,31.00110133852202,15
1.123,-66.65509723923937,29.766757960993957,15
1.124,-65.53077334214115,30.890605187539197,15
1.125,-66.7632682656562,29.657633704463642,15
1.1260000000000001,-66.74157187621155,29.678853645500713,15
1.127,-67.59981250996476,28.82013667465333,15
1.1280000000000001,-67.84990460257056,28.56956835642724,15
1.129,-67.7633634141987,28.655633430813097,15
1.1300000000000001,-67.68655844144263,28.731962401377874,15
1.131,-67.52931085731359,28.888734095270763,15
1.1320000000000001,-66.38734761067515,30.030221563788608,15
1.133,-66.25601050153253,30.161083007086575,15
1.1340000000000001,-66.71025992890156,29.70635802630921,15
1.135,-66.14165095694844,30.274491557450705,15
1.1360000000000001,-65.40846854096431,31.007198645380264,15
1.137,-66.71483075361711,29.7003612175903,15
1.1380000000000001,-66.45133418848567,29.963382680662306,15
1.139,-66.11219412593579,30.302047754390856,15
1.1400000000000001,-66.61730945742683,29.796457547476862,15
1.141,-65.71080459814686,30.702487644892557,15
1.1420000000000001,-66.1095374886403,30.303280106253823,15
1.143,-66.26321537995477,30.149127680673313,15
1.1440000000000001,-66.65922591730094,29.752642723100628,15
1.145,-66.88262603425044,29.528768300124405,15
1.1460000000000001,-68.0218516352334,28.38906850747471,15
1.147,-69.40151716152734,27.008928904034303,15
1.1480000000000001,-68.20250250674424,28.2074695963514,15
1.149,-69.08194775184913,27.327550503621172,15
1.1500000000000001,-70.04644421456423,26.362580308281586,15
1.151,-71.93882302938444,24.46972787599794,15
1.1520000000000001,-72.49618809933519,23.911889303904957,15
1.153,-73.60031275863344,22.80729125794582,14
1.154,-72.19453605746669,24.21259468809318,15
1.155,-71.37085840286265,25.03579918747946,15
1.156,-71.99231546026859,24.413869090817514,15
1.157,-70.1435683035416,26.26214332441031,15
1.158,-69.42560800880645,26.979630812293212,15
1.159,-69.8230804927611,26.581685637928313,15
1.16,-72.0131995280592,24.391094028822007,15
1.161,-70.13206086004466,26.271760239790467,15
1.162,-71.38708996045969,25.016258799251496,15
1.163,-72.80478597086898,23.598090565800412,15
1.164,-71.94714306938778,24.455261361481995,15
1.165,-69.9453597471754,26.456572695296906,15
1.166,-68.90152687270933,27.499933698927673,15
1.167,-68.58179834802411,27.81919047049965,15
1.168,-68.24932402728248,28.15119315601011,15
1.169,-67.71515642830497,28.684889237798433,15
1.17,-67.28104985545266,29.118524411663454,15
1.171,-67.26172200102957,29.13738098546108,15
1.172,-67.39047333642421,29.008158487962667,15
1.173,-67.65290136215668,28.74525941880801,15
1.174,-68.47991012413421,27.917779732249745,15
1.175,-68.88035609087255,27.516862959931956,15
1.176,-70.43938848536544,25.95735987902075,15
1.177,-70.61005383305836,25.786223964230473,15
1.178,-71.5143637768927,24.88144357277951,15
1.179,-72.47825310567626,23.91708391601987,15
1.18,-72.3363273721333,24.05853944138706,15
1.181,-71.19217660691078,25.202220118393885,15
1.182,-70.48783676084483,25.906089996363942,15
1.183,-71.8815475671375,24.511909342254924,15
1.184,-72.7365586627922,23.656428519223134,15
1.185,-71.95211877313123,24.440398802105964,15
1.186,-72.79860118093626,23.59344690828143,15
1.187,-72.9810905775166,23.410488146599878,15
1.188,-72.51214957438853,23.878959905704665,15
1.189,-73.324817731405,23.065822625902502,15
1.19,-73.21216374924263,23.178007606676367,15
1.191,-74.30117275049206,22.088529725595233,14
1.192,-74.73744140961733,21.651792308354647,14
1.193,-74.39032501009301,21.9984400716396,14
1.194,-75.64791980200427,20.740376765524466,13
1.195,-75.16424505948535,21.223583116034558,14
1.196,-75.08267389575603,21.304686010109606,14
1.197,-74.52868608572749,21.858205672997947,14
1.198,-74.2702251590228,22.116198575235963,14
1.199,-73.073978564689,23.31197726793613,15
1.2,-72.95600999000871,23.429478063975246,15
1.201,-73.30411954178626,23.080900856708425,15
1.202,-73.17961064114276,23.204942225173998,15
1.203,-72.71008335097247,23.67400210663707,15
1.204,-72.67063917211472,23.712979000417732,15
1.205,-72.63976432088585,23.74338669035899,15
1.206,-73.22779010886077,23.154893865045274,15
1.207,-73.75990128937401,22.622315771301412,14
1.208,-74.88599927817475,21.495750993537538,14
1.209,-73.34573754564673,23.035546061529196,15
1.21,-74.35661855684091,22.024198510384704,14
1.211,-74.86898927530287,21.511361376717765,14
1.212,-75.38218823531992,20.99769612640028,13
1.213,-74.53328842121708,21.846129775266483,14
1.214,-74.70798748638856,21.670964670081364,14
1.215,-73.59287347820678,22.785612763631686,14
1.216,-74.12022233951126,22.257798113237143,14
1.217,-73.83448240115334,22.543072388205484,14
1.218,-74.48699971721268,21.89008953461622,14
1.219,-72.63487793666907,23.74174590364869,15
1.22,-73.62854898246705,22.747609572517415,14
1.221,-73.33729743445507,23.038395961533062,15
1.222,-72.78840034303921,23.586828020448593,15
1.223,-72.44451210366154,23.930251353981,15
1.224,-72.61270848700464,23.761590191606693,15
1.225,-72.72816329739344,23.64567072915978,15
1.226,-72.69471705994077,23.67865244168641,15
1.227,-72.82140755924223,23.551497544749935,15
1.228,-72.01930848008242,24.353132353724725,15
1.229,-70.21266771206118,26.159308979169843,15
1.23,-70.78035424851035,25.591158427912365,15
1.231,-72.00098441869221,24.370064370848926,15
1.232,-72.10715886234254,24.26342616840258,15
1.233,-69.99043329537635,26.379688104817195,15
1.234,-70.77219392437866,25.597463973666578,15
1.235,-69.49131269270086,26.87788183175814,15
1.236,-68.22969227006767,28.139039009525945,15
1.237,-68.87424355949042,27.494024604117463,15
1.238,-68.55956805001108,27.808237126649445,15
1.239,-67.3765582510762,28.990784067834095,15
1.24,-67.91048730061651,28.45639228989939,15
1.241,-68.27718218959234,28.089234802043688,15
1.242,-68.9437592167123,27.42219530571704,15
1.243,-69.94394175222742,26.421550430827068,15
1.244,-70.6002877831821,25.764742190488015,15
1.245,-71.70839544971912,24.656172444715704,15
1.246,-71.72608771992093,24.638018225586276,15
1.247,-72.41185714766169,23.95178697938412,15
1.248,-72.23555708337403,24.127625355835185,15
1.249,-73.5547631587869,22.80795772336902,14
1.25,-73.25222394104289,23.110035515001563,15
1.2510000000000001,-72.54388279820573,23.81791536282754,15
1.252,-74.21520829436194,22.146128702918908,14
1.2530000000000001,-73.85067853724222,22.510197427703417,14
1.254,-72.79095621664662,23.569458847539426,15
1.2550000000000001,-73.80065974176539,22.55929455339508,14
1.256,-72.3731674084238,23.986326249603497,15
1.2570000000000001,-72.0453707842387,24.31366236870616,15
1.258,-72.6655678591378,23.693004920933728,15
1.2590000000000001,-72.7211414384397,23.636971101125887,15
1.26,-72.2639052574968,24.093747174088534,15
1.2610000000000001,-72.22617894619879,24.131013510090252,15
1.262,-71.80523710943865,24.551495504396303,15
1.2630000000000001,-72.61493985201987,23.741333052361412,15
1.264,-72.48586523046036,23.869948097625873,15
1.2650000000000001,-73.67858702869884,22.676766856409174,14
1.266,-73.74052852927329,22.614366046331448,14
1.2670000000000001,-74.45931495618424,21.895120443550322,14
1.268,-75.00943219815169,21.344544159503933,14
1.2690000000000001,-73.89800430945627,22.455513140069684,14
1.27,-72.95154760640315,23.401511069100515,15
1.2710000000000001,-72.44404392471992,23.90855611102687,15
1.272,-73.37191686602576,22.980224664387592,14
1.2730000000000001,-73.61752262153105,22.73416053813027,14
1.274,-72.58143819433631,23.7697867293124,15
1.2750000000000001,-72.47789163770098,23.872875184832484,15
1.276,-70.5676396577137,25.78266919875981,15
1.2770000000000001,-70.3356237363133,26.01422728931343,15
1.278,-70.28037623978294,26.069017090368085,15
1.2790000000000001,-70.64422777705137,25.704707993152883,15
1.28,-70.62550820788438,25.722970138059885,15
1.281,-70.84549828156928,25.502522775959555,15
1.282,-70.34111805993521,26.006445845180576,15
1.283,-69.6502836506265,26.69682323823636,15
1.284,-70.43645426513949,25.91019574378832,15
1.285,-71.64472254515837,24.701470720309974,15
1.286,-73.22471402914393,23.12102262949825,15
1.287,-72.79212156620586,23.55315862240108,15
1.288,-73.71698342214984,22.627840433370455,14
1.289,-75.47776654494814,20.86660111459173,13
1.29,-75.05467699336494,21.289234607458305,14
1.291,-72.89852945615786,23.444926223370125,15
1.292,-72.90702102091073,23.435978874900943,15
1.293,-72.21292048774082,24.12962376209098,15
1.294,-72.17594730174497,24.166141440000874,15
1.295,-72.29084854775901,24.05078482395231,15
1.296,-71.55469347313928,24.786484666746382,15
1.297,-71.85381507857537,24.486907967850907,15
1.298,-71.67730724570427,24.662960845786294,15
1.299,-71.4628024902302,24.877010785005712,15
1.3,-72.08011417859534,24.259244419224327,15
1.301,-71.29223092590544,25.04667313349369,15
1.302,-71.50647424170248,24.831975418429128,15
1.303,-72.19524687703777,24.142748523136607,15
1.304,-71.78190170482895,24.55563957485573,15
1.305,-72.57855615513579,23.758531143683932,15
1.306,-72.5728238673541,23.763809590382618,15
1.307,-72.59844371935995,23.737736037232867,15
1.308,-71.71250109590189,24.623225099643292,15
1.309,-71.37038546514476,24.964887309606127,15
1.31,-71.45764063318825,24.87717886117884,15
1.311,-70.84062071814057,25.49374563641021,15
1.312,-69.77232782019584,26.561585535263216,15
1.313,-69.439110400239,26.894350097009895,15
1.314,-69.5746026159033,26.758405164174004,15
1.315,-70.80434110254198,25.52821410155922,15
1.316,-71.77981107377998,24.552291695697587,15
1.317,-72.08442147996469,24.247228996398583,15
1.318,-72.63000143760755,23.70119688730767,15
1.319,-72.80246387039216,23.528282444898068,15
1.32,-72.76552722127333,23.564767226371828,15
1.321,-72.33677469897889,23.9930680231579,15
1.322,-72.42440644169159,23.904984697230294,15
1.323,-72.04541801962029,24.28352167853692,15
1.324,-72.03265715732455,24.29583124267491,15
1.325,-73.71697082953024,22.611066415075104,14
1.326,-74.47233972973731,21.855246502394188,14
1.327,-74.5362458669852,21.79088949574938,14
1.328,-75.48387967426967,20.842804962301518,13
1.329,-74.88878036859128,21.4374536852066,14
1.33,-73.54348958326047,22.782294031310776,14
1.331,-72.51156658106798,23.813766737979797,15
1.332,-72.71207499755013,23.612808169833862,15
1.333,-71.48743299153399,24.837000168202337,15
1.334,-71.42796312035973,24.89602017590153,15
1.335,-71.77493409894092,24.548599478174253,15
1.336,-72.33791542179532,23.985168580659145,15
1.337,-72.61989541375647,23.702739158679023,15
1.338,-72.96196944237127,23.360215844843285,15
1.339,-72.82591790189015,23.49581824505783,15
1.34,-72.70359015546943,23.617696996322586,15
1.341,-72.71725606085936,23.60358224104356,15
1.342,-72.36963636579743,23.950753231639446,15
1.343,-71.40921558264463,24.91072545590546,15
1.344,-70.68780552345923,25.63168710193951,15
1.345,-72.01989682779924,24.29914753033966,15
1.346,-74.18782543845037,22.13077079847632,14
1.347,-73.36822631561276,22.949921946305416,14
1.348,-74.4952386281926,21.822461805076806,14
1.349,-74.62745609516827,21.689796655968085,14
1.35,-75.54065336346562,20.776151852209406,13
1.351,-76.94289327871645,19.37346454832492,13
1.352,-76.34027355194131,19.975637033450003,13
1.353,-75.58081415514758,20.73464933573314,13
1.354,-75.96259859000095,20.352417953664514,13
1.355,-78.00453856396192,18.310031179939468,12
1.356,-78.26439067400914,18.049732417735125,12
1.357,-77.73383781246064,18.579838774889243,12
1.358,-78.78033216257157,17.53289806830241,12
1.359,-78.40267396984783,17.910110052624418,12
1.36,-78.20543293964002,18.106905022660374,12
1.361,-77.52168867289197,18.790203377622095,12
1.362,-77.24769286708407,19.0637534201848,13
1.363,-77.89342207273468,18.417578599985717,12
1.364,-76.70908786058254,19.601467346441666,13
1.365,-76.69915297138705,19.610956918948762,13
1.366,-76.58057639413417,19.72908832867658,13
1.367,-77.22025460404957,19.088965100554866,13
1.368,-77.42695205646542,18.881822779406907,12
1.369,-77.99265084113173,18.31567927563811,12
1.37,-77.94381431048832,18.364071236964005,12
1.371,-76.32969649992448,19.977744628150667,13
1.372,-77.34463726295628,18.962359595837313,12
1.373,-78.52004006622626,17.786512673536695,12
1.374,-77.08317802383729,19.222930747301174,13
1.375,-77.10141864916133,19.20424630391403,13
1.3760000000000001,-77.50135651932356,18.80386476640525,12
1.377,-76.46415800822106,19.840619761032915,13
1.3780000000000001,-76.83698984131912,19.467344562486844,13
1.379,-75.17279759672529,21.131093592814608,14
1.3800000000000001,-74.53003479761146,21.77341332899934,14
1.381,-74.88260820392253,21.42039701125117,14
1.3820000000000001,-73.02133686592553,23.28122558945806,15
1.383,-73.53240002441157,22.769719822983877,14
1.3840000000000001,-72.9022353708274,23.399442020536792,15
1.385,-72.66560898758834,23.635626099856367,15
1.3860000000000001,-71.60487292643042,24.695920009361455,15
1.387,-70.37062100281453,25.929729933745985,15
1.3880000000000001,-70.4577996591014,25.842109430804033,15
1.389,-71.19475227768218,25.1047151182992,15
1.3900000000000001,-70.89322712942304,25.405798725520082,15
1.391,-71.54997609590575,24.748608371039573,15
1.3920000000000001,-69.94255331931907,26.355589912823596,15
1.393,-69.96034706681833,26.337355083871472,15
1.3940000000000001,-70.39486923272466,25.902391990016646,15
1.395,-70.35469920588774,25.942121242563992,15
1.3960000000000001,-71.59010675555975,24.706273072415918,15
1.397,-72.4638959523507,23.83204340911686,15
1.3980000000000001,-71.49650528799509,24.79899376108682,15
1.399,-72.1124752383327,24.18258365264044,15
1.4000000000000001,-73.02823596576171,23.266382921533953,15
1.401,-72.59051826383379,23.703660774370036,15
1.4020000000000001,-71.63062409751006,24.663115246341913,15
1.403,-71.0973684361576,25.195931368236813,15
1.4040000000000001,-70.3550857634593,25.93777465652609,15
1.405,-71.10028180153635,25.192139389242794,15
1.4060000000000001,-72.36879367835597,23.923188438573924,15
1.407,-71.15568778613479,25.13585541245699,15
1.408,-71.50808000618407,24.783024429734862,15
1.409,-71.78670677153066,24.503959057534782,15
1.41,-70.74111074277023,25.549116635415153,15
1.411,-70.37940187050386,25.910387212928917,15
1.412,-70.1156873518189,26.17366359314268,15
1.413,-68.44125901329579,27.847653949630036,15
1.414,-69.16951996752564,27.118955169953733,15
1.415,-68.56194892993,27.726088538846135,15
1.416,-68.7029594137354,27.58464054323454,15
1.417,-68.66245269300906,27.624709909205563,15
1.418,-67.57589999685567,28.710825407808294,15
1.419,-67.3816692645453,28.9046190999264,15
1.42,-67.16995293611953,29.115898545672017,15
1.421,-66.52251866869463,29.76289608808257,15
1.422,-67.09648453667558,29.188493652906704,15
1.423,-68.04197119098593,28.242570589374445,15
1.424,-69.1206955016443,27.163410027620785,15
1.425,-70.92272726794994,25.3609421685,15
1.426,-69.30749131881846,26.975742183249952,15
1.427,-70.3843859879888,25.898411738285205,15
1.428,-70.6848243603938,25.597537748826298,15
1.429,-71.019524101123,25.262402549937114,15
1.43,-70.85505818729507,25.426433164652316,15
1.431,-70.27450448575244,26.00655172628281,15
1.432,-69.68004241593871,26.60057881553827,15
1.433,-70.30992371389385,25.970262696531968,15
1.434,-70.56876356860253,25.710988180432448,15
1.435,-70.44333940201118,25.83597784544645,15
1.436,-70.76482217684733,25.51406072899958,15
1.437,-69.52999233247682,26.748456391879078,15
1.438,-69.27302802228327,27.004986680854422,15
1.439,-68.82357796316208,27.454002879183207,15
1.44,-68.45205084078401,27.82509630134769,15
1.441,-67.6708342231909,28.60587937945896,15
1.442,-67.7462839331973,28.52999629085536,15
1.443,-69.0478044213296,27.22804258516343,15
1.444,-68.88646672426823,27.388947225855553,15
1.445,-69.60572627508974,26.66925478000796,15
1.446,-70.19421078967342,26.080337531894166,15
1.447,-69.83197973655348,26.442136013132654,15
1.448,-68.94215471918584,27.331528620420222,15
1.449,-69.10008711325577,27.17316397822423,15
1.45,-69.0126270161039,27.260191989356674,15
1.451,-67.76996270556043,28.50242437613992,15
1.452,-67.79245922645707,28.47949609389481,15
1.453,-65.85071629460576,30.4208074269619,15
1.454,-65.68004089916677,30.59105138633338,15
1.455,-67.45084333328755,28.819817679014225,15
1.456,-67.06008957109242,29.21014033103249,15
1.457,-66.99454825843955,29.275250696682377,15
1.458,-66.17608490003893,30.093283271406186,15
1.459,-65.9031808724346,30.365756678812147,15
1.46,-66.3162350453339,29.952272049345176,15
1.461,-67.6158442299144,28.652232571979862,15
1.462,-68.0192059183918,28.24844075465268,15
1.463,-68.93998157665024,27.327235131631614,15
1.464,-69.59945367019347,26.66733323756496,15
1.465,-69.26035665013424,27.00600062149203,15
1.466,-68.03562940858767,28.230298391449708,15
1.467,-67.92046845655013,28.34503003659355,15
1.468,-69.13271992123073,27.132349429866398,15
1.469,-68.93227557703777,27.33236479701183,15
1.47,-68.11450523020036,28.149706331952554,15
1.471,-68.83176495813487,27.432017957424048,15
1.472,-69.12473695215228,27.13861748226705,15
1.473,-69.2823837335931,26.980542385292804,15
1.474,-70.09874048255259,26.163757486557696,15
1.475,-69.69063679908732,26.571433186156824,15
1.476,-69.93862607118557,26.32301609625351,15
1.477,-69.72727837712773,26.533936138718918,15
1.478,-70.61139696781957,25.64939006279882,15
1.479,-71.08595045115598,25.174409260749787,15
1.48,-70.57702942278854,25.682903137071698,15
1.481,-70.9993302174337,25.260175357199493,15
1.482,-69.65855465569337,26.600524100682637,15
1.483,-70.13999963736087,26.118652467879112,15
1.484,-70.08304350598704,26.17518211538938,15
1.485,-69.43971050532403,26.81808879961253,15
1.486,-70.77727968645705,25.480093469614523,15
1.487,-72.34618615787733,23.91076101705533,15
1.488,-73.65683362360643,22.59968773806447,14
1.489,-72.59634234501623,23.65975337142118,15
1.49,-73.0872599572903,23.16841028209288,15
1.491,-70.97219653241444,25.283048398244787,15
1.492,-71.53849256505993,24.716327225356594,15
1.493,-71.45947155961666,24.794923259189275,15
1.494,-70.25468651024347,25.999283505734905,15
1.495,-68.7122868577102,27.541258524374467,15
1.496,-67.18555543148597,29.0675654857896,15
1.497,-66.42943572512098,29.823260896580873,15
1.498,-65.85688467484869,30.395387820665526,15
1.499,-65.6661632132664,30.58568532559693,15
1.5,-65.32857821820407,30.922846533695715,15
1.5010000000000001,-66.11023138044212,30.140769754332077,15
1.502,-67.08272413158227,29.16785355605481,15
1.5030000000000001,-67.33874019822449,28.911414212414442,15
1.504,-67.72328941784869,28.52644188608151,15
1.5050000000000001,-68.32789252216,27.921415845501304,15
1.506,-67.95231314657325,28.296572455409365,15
1.5070000000000001,-67.37648406673276,28.871978940311674,15
1.508,-67.5446708609725,28.703369722024572,15
1.5090000000000001,-66.55095040319142,29.69666792679933,15
1.51,-67.77523328458042,28.471962963595242,15
1.5110000000000001,-68.16218846203242,28.084585875669564,15
1.512,-68.96878804090215,27.27756455781764,15
1.5130000000000001,-70.69930125561949,25.546629775759722,15
1.514,-70.87714314433534,25.36836649149486,15
1.5150000000000001,-71.0804069428605,25.16468146936227,15
1.516,-69.91571686412215,26.32895049658473,15
1.5170000000000001,-69.53168356281586,26.71256291861655,15
1.518,-70.53939408543316,25.704431689116028,15
1.5190000000000001,-69.11319460400448,27.130210636202584,15
1.52,-68.2705551408474,27.972429737708353,15
1.5210000000000001,-67.99302050539188,28.249544184353155,15
1.522,-68.39906772367418,27.843076950250357,15
1.5230000000000001,-69.39846020802486,26.84326462321907,15
1.524,-69.86956380889328,26.371741352959504,15
1.5250000000000001,-69.10690057292499,27.13398509297566,15
1.526,-67.71294882629319,28.527517517243833,15
1.5270000000000001,-66.6586665849438,29.58138060996756,15
1.528,-67.33653552476471,28.90309269540839,15
1.5290000000000001,-68.5118934797499,27.727315939721684,15
1.53,-68.5920131801824,27.646777612773732,15
1.5310000000000001,-70.25681064137639,25.981561699399684,15
1.532,-70.11562584385611,26.1223282192245,15
1.5330000000000001,-70.3716328350626,25.865903124956308,15
1.534,-70.88225696326141,25.354861068478748,15
1.5350000000000001,-72.31112229198096,23.925577986412478,15
1.536,-71.92955636288536,24.306726337242452,15
1.537,-72.43342128658996,23.802444010502338,15
1.538,-73.44709452004368,22.78835354939218,14
1.539,-75.83597077578717,20.39906024152024,13
1.54,-75.76356913814242,20.471045002713417,13
1.541,-74.19737172388652,22.036825716343436,14
1.542,-72.78616338919184,23.447617526386743,15
1.543,-73.19311599307365,23.040248573976786,15
1.544,-73.70450882895891,22.528439565835306,14
1.545,-73.30482394566218,22.927708453296386,14
1.546,-74.1412878109121,22.09082876878,14
1.547,-73.86306959560656,22.368631341536815,14
1.548,-73.20990173655093,23.02138373490998,15
1.549,-72.19963885138291,24.031231331410233,15
1.55,-72.33345880847412,23.89699626281442,15
1.551,-72.54804945406694,23.6819906830285,15
1.552,-73.3148616985526,22.914763681809582,14
1.553,-74.00853689925157,22.220673901985492,14
1.554,-74.17518963158469,22.0536067682836,14
1.555,-73.84135344756642,22.38702872883765,14
1.556,-73.06665388009506,23.161314250897483,15
1.557,-73.75067634022749,22.476877923554312,14
1.558,-72.49807035186083,23.729070223059068,15
1.559,-72.76242867650232,23.46429838805252,15
1.56,-72.80854005226668,23.417773680567908,15
1.561,-73.45646716675064,22.769433413156396,14
1.562,-75.47316485081811,20.752322755101943,13
1.563,-74.6579738195752,21.567100991446257,14
1.564,-73.99783609475416,22.22682610060486,14
1.565,-74.21086889711944,22.01338086196102,14
1.566,-74.1257390782483,22.098098424085137,14
1.567,-73.67068624574597,22.55273917951964,14
1.568,-74.96238195020815,21.260631577816362,14
1.569,-75.34295937588881,20.879642434868902,13
1.57,-74.6078380823312,21.614352191281483,14
1.571,-75.6057756507577,20.616003265979153,13
1.572,-75.27659477896745,20.94477296131016,13
1.573,-76.3329033836416,19.888053360740724,13
1.574,-75.83092456881535,20.38962136038289,13
1.575,-75.7665850282249,20.45355026664774,13
1.576,-77.01838645942232,19.201338382130377,13
1.577,-75.90833221605476,20.3109823533308,13
1.578,-76.42223399041828,19.79667048810008,13
1.579,-76.97852496203464,19.23996960706347,13
1.58,-76.67196403164093,19.546120809630903,13
1.581,-75.5892522244861,20.628423070700386,13
1.582,-76.34988833604902,19.867377594939942,13
1.583,-76.18404490656648,20.032811842259633,13
1.584,-75.71953750952963,20.49691023931515,13
1.585,-75.05384284481374,21.16219608637794,14
1.586,-74.84446760238853,21.371162693625028,14
1.587,-75.09545060932149,21.11977123413558,14
1.588,-75.71942968681071,20.495383886858104,13
1.589,-75.558586371012,20.655819115783366,13
1.59,-76.36745272406935,19.846544858913873,13
1.591,-78.68183293366317,17.5317569287157,12
1.592,-78.11113746770619,18.102044857422527,12
1.593,-77.17460812777256,19.038166843606565,13
1.594,-78.99236427725515,17.220003524021273,12
1.595,-79.61207280911846,16.59988800584839,11
1.596,-78.85239040098769,17.359163611608963,12
1.597,-76.92695312501505,19.28419426929695,13
1.598,-76.77232073048951,19.438420229769466,13
1.599,-77.24660755735299,18.963727153230685,12
1.6,-77.24861525981704,18.96131338561507,12
1.601,-75.95507675297839,20.254446011971865,13
1.602,-76.3938751659887,19.8152419032953,13
1.603,-76.94256462387791,19.26614693470133,13
1.604,-77.20615491363928,19.002151319342516,13
1.605,-77.85056581545743,18.357335277179967,12
1.606,-77.57438740100842,18.63310873668337,12
1.607,-76.06016328441304,20.1469280838776,13
1.608,-75.68896269919027,20.517724085389272,13
1.609,-75.81116675255915,20.395115634144933,13
1.61,-75.96130908473641,20.244569090073334,13
1.611,-77.16276778475545,19.042706364286587,13
1.612,-76.28177696433168,19.923293345214624,13
1.613,-76.2351838506538,19.96948280581417,13
1.614,-76.27582554804283,19.92843764190948,13
1.615,-73.50929503959122,22.694564870553346,14
1.616,-73.26045137953697,22.94300543765301,14
1.617,-73.89522907184444,22.30782483938926,14
1.618,-74.2339867373445,21.96866445507631,14
1.619,-73.24955856687347,22.95269009402288,14
1.62,-73.16539306021181,23.036453256593568,15
1.621,-74.37490770963726,21.826536450655535,14
1.622,-73.57548984139638,22.62555235010712,14
1.623,-74.12815410829329,22.07248630228905,14
1.624,-72.5451943662788,23.655044451395316,15
1.625,-71.68524550373691,24.51459190918666,15
1.6260000000000001,-72.12989889815005,24.069537298325336,15
1.627,-71.11944425431444,25.079590914159738,15
1.6280000000000001,-71.1583074428835,25.040326886181067,15
1.629,-70.54286445947416,25.6553692189169,15
1.6300000000000001,-70.25811583308385,25.939717383514296,15
1.631,-71.09172797524903,25.10570496858122,15
1.6320000000000001,-71.72334076047007,24.473692099761678,15
1.633,-70.93796085536593,25.25867211058102,15
1.6340000000000001,-71.31894724013105,24.877286020989075,15
1.635,-71.74197380782597,24.453859938069535,15
1.6360000000000001,-72.60670124820243,23.588733172214816,15
1.637,-72.29026359421509,23.904771690614357,15
1.6380000000000001,-70.62351495154127,25.57112138773489,15
1.639,-71.62646975869202,24.567767825209383,15
1.6400000000000001,-71.68137985508142,24.512459163767723,15
1.641,-70.57979903564852,25.61364160861472,15
1.6420000000000001,-70.7629504422714,25.430092018016147,15
1.643,-70.49634081742687,25.696303649639013,15
1.6440000000000001,-71.50011082628139,24.692135838460555,15
1.645,-71.2240266116121,24.967822441847325,15
1.6460000000000001,-71.4708089870986,24.72064264626337,15
1.647,-70.73232800093014,25.458726403663007,15
1.6480000000000001,-69.8556824023763,26.334974964920157,15
1.649,-67.84801560843115,28.342244913184246,15
1.6500000000000001,-67.59215982052584,28.59770404716754,15
1.651,-67.55763223130064,28.63183517437308,15
1.6520000000000001,-67.6337678744443,28.555303261255467,15
1.653,-68.16221077109937,28.026464286815408,15
1.6540000000000001,-68.09431890721378,28.09396026524815,15
1.655,-68.55629264341975,27.631590836064586,15
1.6560000000000001,-68.6140234490773,27.573464530047858,15
1.657,-67.71379006309988,28.473302608427463,15
1.6580000000000001,-68.78237169758216,27.40432585925175,15
1.659,-68.02318835237685,28.163114282810938,15
1.6600000000000001,-67.14697189086488,29.038936015866973,15
1.661,-67.49933088402146,28.68618248758743,15
1.6620000000000001,-69.50398578564445,26.68113324431724,15
1.663,-70.16934064264929,26.015384239283634,15
1.6640000000000001,-69.2239819559877,26.960348971677565,15
1.665,-69.41405919376503,26.769877973536254,15
1.666,-70.40855113569222,25.774992465291305,15
1.667,-70.95199361557286,25.23115661328163,15
1.668,-70.35482609805412,25.827930953002472,15
1.669,-70.025938742415,26.1564253253172,15
1.67,-70.36357547395367,25.81839580506997,15
1.671,-70.79405469862365,25.3875239864495,15
1.672,-71.22803949829945,24.95314678772351,15
1.673,-72.08595686631442,24.094837215700792,15
1.674,-70.79906182248227,25.38134025070971,15
1.675,-71.17506577744405,25.004944482251283,15
1.676,-70.25574930329363,25.923869338373592,15
1.677,-69.12024809865275,27.058979120596845,15
1.678,-68.46509770928581,27.713738283298483,15
1.679,-69.0253054120342,27.15313954977895,15
1.68,-68.86839344003562,27.309660687042307,15
1.681,-69.07361721885131,27.10404626966898,15
1.682,-70.00203627922315,26.17523676705876,15
1.683,-69.87201833106644,26.30486446943792,15
1.684,-70.99744897413775,25.179043777191428,15
1.685,-70.10962579307353,26.066477105824294,15
1.686,-70.63138953294717,25.544323710404573,15
1.687,-70.57859014778643,25.596733637045816,15
1.688,-70.45958622232276,25.71534830115791,15
1.689,-70.79622608760101,25.37831937183722,15
1.69,-70.41616248802696,25.7579941048192,15
1.691,-70.9341337857117,25.23963413813385,15
1.692,-70.31183472127898,25.86154473129849,15
1.693,-71.55835032055427,24.614640858628704,15
1.694,-71.53053674305902,24.642066360743947,15
1.695,-69.9964564079358,26.175758818642603,15
1.696,-70.96807972164606,25.203747826003994,15
1.697,-71.63254744689866,24.538892620260132,15
1.698,-71.27940871034043,24.89164407490485,15
1.699,-71.21840841527096,24.95225728677926,15
1.7,-71.01757907337564,25.15269974433855,15
1.701,-70.70953401946694,25.46035811291084,15
1.702,-70.2927590161987,25.87674662998275,15
1.703,-69.49762925294893,26.671490106316732,15
1.704,-69.3163202250055,26.852413046765285,15
1.705,-69.68369142059976,26.484655963237383,15
1.706,-69.27638013441783,26.891581561187145,15
1.707,-67.86467833273956,28.30289787447496,15
1.708,-68.1997098136517,27.967481105154203,15
1.709,-69.22145634001747,26.945349490501744,15
1.71,-68.47119091521921,27.69523002727524,15
1.711,-68.77169793581885,27.39433831905279,15
1.712,-70.76689187971914,25.3987598880715,15
1.713,-70.17067113576279,25.994596345628533,15
1.714,-70.74820124213545,25.416682153678032,15
1.715,-70.93270129589403,25.231798215302806,15
1.716,-70.75842179593592,25.40569403174516,15
1.717,-70.70874485388723,25.45498749151857,15
1.718,-70.22945409651845,25.933894967992114,15
1.719,-70.72146521848434,25.441500766650528,15
1.72,-70.40489521658685,25.757687890831296,15
1.721,-70.74351571996552,25.418684711534254,15
1.722,-70.23830422731831,25.923513730200742,15
1.723,-69.85592984323654,26.305505842378732,15
1.724,-70.778508530285,25.382545085642604,15
1.725,-69.98309128212404,26.177580466471134,15
1.726,-70.56830932418931,25.59198075956777,15
1.727,-70.01236703192689,26.147541589625444,15
1.728,-69.84518649942349,26.314340862696397,15
1.729,-68.46142843040386,27.69771787519479,15
1.73,-68.8475064219085,27.311259030218935,15
1.731,-69.32276945279509,26.83561534904994,15
1.732,-69.50463868025071,26.65336567463944,15
1.733,-69.91518183079987,26.24244228060158,15
1.734,-69.3918870321225,26.76535703939502,15
1.735,-70.8989042886276,25.25795994674928,15
1.736,-71.87771140015822,24.278773202959833,15
1.737,-72.82907459955463,23.327030575324766,15
1.738,-72.06403873761843,24.09168721318084,15
1.739,-70.69728030846912,25.458066622546866,15
1.74,-70.89460658963988,25.26036152602787,15
1.741,-71.13753754602013,25.01705195887261,15
1.742,-71.17206158888783,24.982149509941245,15
1.743,-70.29717888059348,25.85665401702129,15
1.744,-71.19470988412313,24.958745017264707,15
1.745,-71.08685946238772,25.066217647898448,15
1.746,-70.3705207180988,25.78217880634886,15
1.747,-70.0770733073461,26.075248836663988,15
1.748,-70.05438668587492,26.097558283236264,15
1.749,-69.35773516444223,26.79383283544641,15
1.75,-71.76947815310255,24.381713083377512,15
1.7510000000000001,-71.272900863947,24.877913815076017,15
1.752,-71.90382948407297,24.246608843581985,15
1.7530000000000001,-73.48793418550551,22.662127997007833,14
1.754,-73.06110695506091,23.088579288674637,15
1.7550000000000001,-71.93407259439428,24.215237917064563,15
1.756,-72.10875153793921,24.040183447881272,15
1.7570000000000001,-71.36966258880939,24.77889707814827,15
1.758,-70.11171908506705,26.036465469940417,15
1.7590000000000001,-69.1513459047801,26.996463745326885,15
1.76,-67.95902542385598,28.1884095285372,15
1.7610000000000001,-67.56101773682131,28.586042725181674,15
1.762,-67.73332571018555,28.413360468887724,15
1.7630000000000001,-69.29366363209556,26.852648471645292,15
1.764,-69.66394188166772,26.48199635447473,15
1.7650000000000001,-70.51599732422993,25.629567252184824,15
1.766,-68.82725289626494,27.317938228429437,15
1.7670000000000001,-69.15769256681214,26.987125314305715,15
1.768,-69.22613815888565,26.918306686936056,15
1.7690000000000001,-68.93563159819026,27.208440420752055,15
1.77,-69.07906687249935,27.064632528116725,15
1.7710000000000001,-67.84333355468296,28.299993436296305,15
1.772,-68.58443851117035,27.558516278997782,15
1.7730000000000001,-68.61620149326687,27.526381305051974,15
1.774,-69.42594320758216,26.716267807985332,15
1.7750000000000001,-70.6835535347015,25.458285907348635,15
1.776,-71.30181051134188,24.839657566560884,15
1.7770000000000001,-71.41732733383441,24.72376958942686,15
1.778,-71.85439200020025,24.286333978061265,15
1.7790000000000001,-72.49274075499524,23.647614488044052,15
1.78,-73.69919957490511,22.440785142825202,14
1.7810000000000001,-73.75693504016913,22.38267936230112,14
1.782,-74.99456012293277,21.144684174461904,14
1.7830000000000001,-74.29918671815282,21.83968768448632,14
1.784,-74.19509935664009,21.943405361699032,14
1.7850000000000001,-75.37581823690999,20.762317007719986,13
1.786,-75.55426735789564,20.583498623751446,13
1.7870000000000001,-76.09389228304154,20.043504646484163,13
1.788,-75.72093516965455,20.416092918746504,13
1.7890000000000001,-74.5135258984857,21.623133559922554,14
1.79,-76.02854995389326,20.10774108578914,13
1.7910000000000001,-75.82782241663134,20.308100415727157,13
1.792,-75.86389913336652,20.27165570320499,13
1.793,-75.20700582978309,20.928181222673192,13
1.794,-74.95733714982808,21.177482330319606,14
1.795,-75.52025598110077,20.61419613867965,13
1.796,-75.70058016453841,20.43350480695082,13
1.797,-76.27029749217928,19.86342054322939,13
1.798,-75.2603425096834,20.873008801989947,13
1.799,-75.16784009442217,20.965144705995577,13
1.8,-73.51562854151238,22.61698996026388,14
1.801,-73.56097207632864,22.571280339554654,14
1.802,-74.14312615786643,21.988760385006678,14
1.803,-75.37165014102412,20.75987074185585,13
1.804,-76.7916686488576,19.339486787180384,13
1.805,-77.97269968586282,18.15809051661845,12
1.806,-77.56687641158257,18.563548770761336,12
1.807,-76.97630843778337,19.153751937976413,13
1.808,-78.14732883733521,17.982366945527623,12
1.809,-77.21215715978653,18.917174244000353,12
1.81,-77.46039362665053,18.668573612015177,12
1.811,-77.17483887052839,18.953764417104615,12
1.812,-75.68196100831518,20.44627854250721,13
1.813,-74.84366618260513,21.284209845762305,14
1.814,-75.00799221547388,21.119520504927788,14
1.815,-75.68350451000519,20.443645117053286,13
1.816,-77.38029961729515,18.746487131176096,12
1.817,-77.81772463461448,18.3086994501588,12
1.818,-77.81510624230516,18.310955393792646,12
1.819,-78.45791155022197,17.66778785235602,12
1.82,-78.36313596605974,17.762201418287166,12
1.821,-78.09901998490386,18.025955596633757,12
1.822,-78.09631283820076,18.028301156082318,12
1.823,-78.44721249930176,17.67704012341443,12
1.824,-78.10319696431546,18.0206945026543,12
1.825,-77.54560649237528,18.577924034801278,12
1.826,-78.28458584878523,17.83858395468406,12
1.827,-76.91377324663189,19.209036049348683,13
1.828,-76.85308172138816,19.2693672834548,13
1.829,-76.69708820704,19.42500072314895,13
1.83,-75.97397608564,20.14775298651095,13
1.831,-75.6747423482387,20.446627082622626,13
1.832,-74.78870813105405,21.332301875398322,14
1.833,-74.49192058082036,21.628730218235944,14
1.834,-74.95503458867087,21.165257220134386,14
1.835,-74.58960376652368,21.530329269307636,14
1.836,-75.49050796209293,20.629066518173573,13
1.837,-75.31387665110576,20.805339491137012,13
1.838,-75.26215799994934,20.856700021942647,13
1.839,-75.35787960628896,20.760620513056985,13
1.84,-75.38352328871109,20.734619146025327,13
1.841,-76.86616832247267,19.251616645722375,13
1.842,-77.1807796708618,18.93664804899166,12
1.843,-76.9491917138442,19.16787897599896,13
1.844,-76.67106873979412,19.44564513850151,13
1.845,-77.39158022165917,18.724777063683117,12
1.846,-76.17596763853408,19.940033272580344,13
1.847,-76.78183379761094,19.333810958132357,13
1.848,-75.83683787350121,20.278450945858907,13
1.849,-75.38052905007584,20.734404052020157,13
1.85,-75.83508410064213,20.27949350343985,13
1.851,-74.25757486999336,21.8566474554557,14
1.852,-75.21214232699269,20.901724939335438,13
1.853,-74.37140606594257,21.74210636090748,14
1.854,-73.49650851108865,22.61664929605693,14
1.855,-74.04634594887447,22.066457458470943,14
1.856,-72.85840428521355,23.25404494236665,15
1.857,-73.08385890317899,23.02823636480152,15
1.858,-72.8521916864951,23.259549842181716,15
1.859,-72.65331124267668,23.458076767122865,15
1.86,-72.7904954945028,23.32053921697625,15
1.861,-72.13613500749327,23.974546626352364,15
1.862,-71.52227684988289,24.588051927146594,15
1.863,-73.0469032768553,23.06307286430545,15
1.864,-71.9716261266506,24.137997599718894,15
1.865,-73.40657331537129,22.702698217414454,14
1.866,-72.54278696982972,23.5661325907097,15
1.867,-71.63517035195423,24.473397457806136,15
1.868,-72.60805064203366,23.50016563854473,15
1.869,-72.97630727879385,23.131557694329352,15
1.87,-73.90764360218103,22.19987028534344,14
1.871,-74.06085121368397,22.046311810227763,14
1.872,-74.28528747434636,21.821524908068177,14
1.873,-73.59611436016627,22.51034760299602,14
1.874,-72.49312941819906,23.612982348085314,15
1.875,-71.36318478260138,24.742577009308683,15
1.8760000000000001,-71.90655555771248,24.19885648245614,15
1.877,-72.13459325850738,23.970469252681777,15
1.8780000000000001,-73.57942351095609,22.52528969414467,14
1.879,-74.23657341789344,21.867790704139004,14
1.8800000000000001,-73.39478176909626,22.709233493016892,14
1.881,-72.04541719574745,24.05824942972428,15
1.8820000000000001,-73.12001841000688,22.98329980223011,14
1.883,-73.617747470776,22.48522255176166,14
1.8840000000000001,-73.62473782461868,22.47788423188368,14
1.885,-73.37641824050402,22.72585607375565,14
1.8860000000000001,-74.04422403061105,22.0577027653271,14
1.887,-73.65928986368067,22.442289637985517,14
1.8880000000000001,-74.03638613028546,22.064846301286686,14
1.889,-74.01627820576364,22.084607380020685,14
1.8900000000000001,-73.53056934070786,22.56996962372309,14
1.891,-73.51316768301785,22.58702488462228,14
1.8920000000000001,-73.86462837473283,22.235218020807164,14
1.893,-73.93019175474562,22.169308693512892,14
1.8940000000000001,-73.97537897348913,22.12377575243448,14
1.895,-74.25289956651517,21.845909662147985,14
1.8960000000000001,-74.42674551863068,21.67171843797423,14
1.897,-73.04885782427675,23.04926108559986,15
1.8980000000000001,-72.58899987962006,23.508774208985834,15
1.899,-72.85965351556145,23.237775977358854,15
1.9000000000000001,-72.29406245976861,23.803022663178727,15
1.901,-72.60822554663076,23.488515432183664,15
1.9020000000000001,-71.65652456728343,24.439872493365492,15
1.903,-71.41100054347945,24.685052825098623,15
1.9040000000000001,-71.57184914136761,24.52386076136147,15
1.905,-71.26460943405176,24.83075722917734,15
1.9060000000000001,-72.64828291588806,23.44674073431709,15
1.907,-73.60719036032177,22.487490503462464,14
1.9080000000000001,-74.58350353509539,21.510834768997857,14
1.909,-74.4089042258857,21.685091745373313,14
1.9100000000000001,-72.91927407915588,23.174379786252445,15
1.911,-71.07433877636717,25.01897321030066,15
1.9120000000000001,-70.62809659565593,25.46487373950823,15
1.913,-70.31371941652206,25.778909494501786,15
1.9140000000000001,-71.92614568587356,24.16614202849979,15
1.915,-72.42748281023052,23.664463935108554,15
1.9160000000000001,-73.11251605476721,22.979089949280098,14
1.917,-73.63122980919886,22.460035681425467,14
1.9180000000000001,-73.7526253317644,22.338299873431847,14
1.919,-74.12184403195933,21.96874111592991,14
1.92,-75.72963496893291,20.360610349896334,13
1.921,-75.00500933866144,21.08489637948081,14
1.922,-75.82337690957408,20.26618943638004,13
1.923,-75.51783576143815,20.571391440952482,13
1.924,-73.69853067774321,22.390357609834325,14
1.925,-74.44134578873587,21.64720381290457,14
1.926,-76.49402206131283,19.594189083392116,13
1.927,-76.59809854648404,19.489774370412505,13
1.928,-75.54448662492356,20.543048293417083,13
1.929,-73.81990186603876,22.267295283123847,14
1.93,-74.81533985624725,21.27151975324045,14
1.931,-74.33527669939048,21.751245600050634,14
1.932,-74.67435310986485,21.411832109283107,14
1.933,-74.70091849152882,21.384929877204492,14
1.934,-72.4391180806364,23.64639366768572,15
1.935,-73.71670202537918,22.368473332660102,14
1.936,-73.48216561065215,22.602673587357476,14
1.937,-73.0789870937021,23.00551617465579,15
1.938,-72.17781961922915,23.90634794997958,15
1.939,-72.1340848151775,23.949747285509257,15
1.94,-71.91730697888373,24.166189884032757,15
1.941,-72.2909914699764,23.792170386045946,15
1.942,-72.1001159273422,23.982711152786518,15
1.943,-72.42599895315728,23.656493582202604,15
1.944,-71.93642924060866,24.145728981231404,15
1.945,-72.29063709090805,23.79118704878533,15
1.946,-72.00959730196855,24.07189298707534,15
1.947,-72.07764378920665,24.003512880808966,15
1.948,-71.18208506747877,24.89873821525366,15
1.949,-71.30144240438241,24.779047722935754,15
1.95,-72.84768450351649,23.232472700380114,15
1.951,-71.80803802684638,24.27178648574502,15
1.952,-72.61255297643584,23.46693907709033,15
1.953,-73.17524827291736,22.903911553907076,14
1.954,-73.66701593295262,22.411811899657014,14
1.955,-72.50063204028692,23.577864030718256,15
1.956,-74.29989926876493,21.77826527336938,14
1.957,-71.64159081977681,24.43624242634348,15
1.958,-70.82070090783107,25.256801275255157,15
1.959,-70.72513885791847,25.35203249523675,15
1.96,-70.86460188849242,25.212238867957815,15
1.961,-70.71526186034238,25.3612485327518,15
1.962,-70.37589121649327,25.700289046716634,15
1.963,-69.94679645925217,26.129053907667995,15
1.964,-69.6092880128223,26.466232691525306,15
1.965,-69.67273612230574,26.402455153309138,15
1.966,-69.97215453885549,26.10270754198897,15
1.967,-70.22118649859725,25.853346621561574,15
1.968,-70.49644407309401,25.57776032058633,15
1.969,-69.65562899902875,26.418246902502524,15
1.97,-69.29759965238398,26.775947991449875,15
1.971,-71.8927044625579,24.180515158152332,15
1.972,-71.3931418982567,24.67974993402573,15
1.973,-71.29697551007555,24.77558876859691,15
1.974,-71.38205962013244,24.690177339869777,15
1.975,-71.77118073572169,24.30072914067179,15
1.976,-70.88669376086526,25.184889267102797,15
1.977,-70.18433697841775,25.88691943642983,15
1.978,-70.94070134522887,25.130228691924756,15
1.979,-70.68544974438852,25.385154150619208,15
1.98,-71.58687279804538,24.483405190485946,15
1.981,-72.791406127586,23.278546190259732,15
1.982,-73.3215238744406,22.748103008631656,14
1.983,-72.59195261711545,23.477349067216622,15
1.984,-71.81600570029798,24.252971021448325,15
1.985,-71.4369401652875,24.631711830148486,15
1.986,-70.89662001457724,25.171707490944854,15
1.987,-70.55154907398448,25.51645417814099,15
1.988,-71.18291435643243,24.88476487893451,15
1.989,-70.89625135150982,25.17110410385742,15
1.99,-70.31450721137291,25.752524700874076,15
1.991,-69.7942807243821,26.27242788174464,15
1.992,-68.93331579130862,27.13306974581839,15
1.993,-68.50637052979492,27.559692175573257,15
1.994,-68.39316726154868,27.672572849421893,15
1.995,-67.6866963287336,28.378721425320844,15
1.996,-67.92039688485818,28.144698749881776,15
1.997,-68.85597592784985,27.20879782529734,15
1.998,-69.15624766893522,26.908204440460935,15
1.999,-69.92827077878843,26.135859924818355,15
2.0,-70.61132192293883,19.256850808608952,13
2.001,-70.82563491691624,19.04205158916349,13
2.0020000000000002,-71.57007889265327,18.29712176751163,12
2.003,-71.88175074627887,17.984964447661635,12
2.004,-73.4995161111875,16.366713996356175,11
2.005,-73.3003074830924,16.565437918019065,11
2.0060000000000002,-73.28533743283514,16.579923641945616,11
2.007,-73.9513717608521,15.913405367836262,11
2.008,-73.3629015702068,16.501391992764198,11
2.009,-72.56640089489736,17.297409482867913,12
2.0100000000000002,-73.91824395194573,15.945083621261926,11
2.011,-74.51331975212878,15.349525397305772,11
2.012,-75.08982117614208,14.772541930440175,10
2.013,-75.78516282772512,14.076718617061807,10
2.0140000000000002,-74.98112461520914,14.88027554897551,10
2.015,-75.060141045635,14.800778219276356,10
2.016,-75.1946743456668,14.665764401436174,10
2.017,-76.77020080567665,13.089757805218536,10
2.0180000000000002,-76.08770750550387,13.771771350919819,10
2.019,-76.9914309525414,12.867568531282586,9
2.02,-76.77845727815296,13.080063215078603,10
2.021,-76.39306101278866,13.464980871993042,10
2.0220000000000002,-75.12208761179626,14.735476046813382,10
2.023,-76.12184670825015,13.735239106600366,10
2.024,-78.5041581774513,11.35245017618801,9
2.025,-78.12707388828603,11.72905738682491,9
2.0260000000000002,-76.42050775891892,13.435146820481322,10
2.027,-75.24910483844842,14.606073428193413,10
2.028,-74.98042751188537,14.874274825084992,10
2.029,-75.30560109056964,14.548625699950634,10
2.0300000000000002,-74.53757773583474,15.316173891591191,11
2.031,-75.28101178452489,14.572265063296763,10
2.032,-74.78882224177907,15.063980210062493,11
2.033,-74.29199863201957,15.56032980760017,11
2.0340000000000003,-73.35360175503415,16.498253056255933,11
2.035,-71.03932553795781,18.812056029028668,12
2.036,-70.7861664634038,19.064742243438822,13
2.037,-71.29263131779145,18.557804913200716,12
2.0380000000000003,-71.37672766002586,18.47323647954278,12
2.039,-72.90728654823407,16.94220588447135,11
2.04,-73.4830450945776,16.365976015958243,11
2.041,-73.7982902359096,16.050259937283485,11
2.0420000000000003,-74.19628889786945,15.651790722940797,11
2.043,-74.01570880399565,15.831900649524684,11
2.044,-74.65288595425027,15.194253717205928,11
2.045,-73.64824300847343,16.198427266277182,11
2.0460000000000003,-73.61577733276684,16.23042393076939,11
2.047,-73.59240424513781,16.25332839280784,11
2.048,-73.83480418685852,16.010460211252777,11
2.049,-73.665649796946,16.17914674721949,11
2.05,-72.94603729919733,16.89829177704314,11
2.051,-73.66239449738853,16.181467497079876,11
2.052,-74.17616342700954,15.667231871971719,11
2.053,-74.37454871059158,15.468380279319398,11
2.054,-75.43155823603558,14.41090483135378,10
2.055,-76.00822981687094,13.83376771467718,10
2.056,-76.27644319371254,13.565089188806265,10
2.057,-75.41061443108693,14.430453189345997,10
2.058,-75.08811603307267,14.752487212349179,10
2.059,-74.83576213547785,15.004377122138974,11
2.06,-74.04675527070481,15.792920386444232,11
2.061,-74.11106383998656,15.728148604162978,11
2.062,-73.73372433850649,16.10502528024275,11
2.063,-73.78192608277307,16.056361098305956,11
2.064,-73.52156213308598,16.316262998183596,11
2.065,-73.97681648358325,15.860546985868273,11
2.066,-75.95728956281,13.879612632945387,10
2.067,-75.94191969812472,13.894521612186846,10
2.068,-74.63218853746166,15.203792275788695,11
2.069,-73.78766073235676,16.047859972345165,11
2.07,-72.94421465487477,16.89084632992162,11
2.071,-71.90924341321984,17.925358240443863,12
2.072,-71.8698227174875,17.9643199939462,12
2.073,-71.74150129810106,18.092182860135107,12
2.074,-72.29594464020234,17.537281353998395,12
2.075,-72.57729484735272,17.255473372104223,12
2.076,-72.07233196306959,17.759978871064625,12
2.077,-71.09836323898001,18.733490599381867,12
2.078,-71.28038446883704,18.551012763432123,12
2.079,-71.71343102422657,18.117509991758556,12
2.08,-71.75421306974204,18.07627211989677,12
2.081,-71.29370945394679,18.53632029941226,12
2.082,-72.55223332251431,17.277341384760348,12
2.083,-74.469115839905,15.360004211609299,11
2.084,-74.85748761026325,14.971178175943278,10
2.085,-75.78754318272361,14.040668728756176,10
2.086,-76.08768857691655,13.740069850545888,10
2.087,-76.07602847024859,13.75127686403409,10
2.088,-76.31875370155188,13.508098930516798,10
2.089,-74.96681459408296,14.859585726865468,10
2.09,-74.60501554968431,15.220932851365491,11
2.091,-74.27941969499892,15.546077177501736,11
2.092,-73.69917097263809,16.125874762790563,11
2.093,-74.60653997713739,15.218055012823964,11
2.094,-73.66626646030556,16.15787817592068,11
2.095,-73.69064578235316,16.13304889199753,11
2.096,-73.0933384936696,16.72990661079233,11
2.097,-73.96877772817022,15.854018198516894,11
2.098,-75.20984420788324,14.612502933270036,10
2.099,-74.42883152783192,15.393067220155386,11
2.1,-74.04608867937011,15.775362067945949,11
2.101,-74.7417384686904,15.079264670575824,11
2.102,-75.38251090967474,14.438045014289669,10
2.103,-74.33836438204104,15.481744719496044,11
2.104,-75.26094991293925,14.558712759171355,10
2.105,-73.79128523975038,16.027931396060893,11
2.106,-74.49535536097206,15.32341563179316,11
2.107,-73.8912659956578,15.92705974744071,11
2.108,-74.11541298898135,15.70246789795571,11
2.109,-73.55556521695125,16.261871207455453,11
2.11,-73.97211848141762,15.844873874215553,11
2.111,-74.05477718913708,15.761771491604994,11
2.112,-73.96460106083234,15.851504339026532,11
2.113,-74.74538811849256,15.070274394616433,11
2.114,-74.0452962281299,15.769923792487786,11
2.115,-74.41597968184873,15.3987982406614,11
2.116,-74.53502753301497,15.279308685896389,11
2.117,-75.28601260100407,14.527882308942285,10
2.118,-77.3108153000486,12.502638695691353,9
2.119,-77.28247376104846,12.530539715368382,9
2.12,-75.0898964251418,14.72267692695989,10
2.121,-74.33879896640119,15.473334656517787,11
2.122,-74.28614201359349,15.525552275399582,11
2.123,-74.43808359083376,15.373171759614543,11
2.124,-74.34652120358989,15.464295603818943,11
2.125,-73.82219023890498,15.988188421093719,11
2.126,-74.75570582360915,15.054235084732747,11
2.1270000000000002,-73.74307457459929,16.066428977962925,11
2.128,-73.10260031232376,16.70646628045971,11
2.129,-72.48529605800744,17.323333971121762,12
2.13,-72.12518083059042,17.68301303113256,12
2.1310000000000002,-72.1276868302809,17.680071260407274,12
2.132,-71.58672183546803,18.22060088068004,12
2.133,-71.13467944315637,18.672208295069495,12
2.134,-71.48719782691857,18.319255330126044,12
2.1350000000000002,-72.00809105847878,17.79792791424852,12
2.136,-71.94630456136233,17.85928062403443,12
2.137,-70.68337630621832,19.12177548895739,13
2.138,-71.78952264972982,18.015196152456966,12
2.1390000000000002,-73.04126457196952,16.763021634582977,11
2.14,-72.88537149174778,16.9184825166475,11
2.141,-72.83029715917989,16.97312504865749,11
2.142,-72.67547349846227,17.127517306538728,12
2.1430000000000002,-72.46800392151873,17.33455587848949,12
2.144,-72.65721433934884,17.14491485363215,12
2.145,-71.414112848248,18.387586135793146,12
2.146,-72.79097594505535,17.01029322825507,12
2.1470000000000002,-73.47029566987212,16.33054409103835,11
2.148,-73.51919708102729,16.281213665935503,11
2.149,-74.84667244057268,14.953309691016086,10
2.15,-74.90066151153971,14.898892403370024,10
2.1510000000000002,-73.42441099100604,16.374715106040775,11
2.152,-73.37144325169065,16.42725542643047,11
2.153,-73.14599112865055,16.652280529603043,11
2.154,-74.16928079446808,15.628564243096987,11
2.1550000000000002,-74.61612013140011,15.181298684776179,11
2.156,-74.84441097788958,14.952582016318301,10
2.157,-75.01565116238882,14.780916409391523,10
2.158,-73.84985997547592,15.94628257353816,11
2.1590000000000003,-73.33264094711417,16.463076978915204,11
2.16,-74.2240993606136,15.57119434233282,11
2.161,-73.95046868847187,15.844401191413375,11
2.162,-73.47833331731083,16.316113139654984,11
2.1630000000000003,-72.491125124221,17.302898310086988,12
2.164,-71.17704899077957,18.616551821251885,12
2.165,-72.07401289576309,17.719165694492776,12
2.166,-72.76513426505997,17.027622504040714,12
2.1670000000000003,-73.79999848579838,15.992336862886965,11
2.168,-73.94213680089727,15.84977752823183,11
2.169,-73.49602242265178,16.295471287899364,11
2.17,-72.63438063844875,17.156692854621728,12
2.1710000000000003,-72.69134299707582,17.09931067973025,12
2.172,-72.94874161182898,16.84149265004781,11
2.173,-72.80353028007501,16.98628496832629,11
2.174,-73.48474272443411,16.304653912064133,11
2.1750000000000003,-71.7063552666323,18.082623159653764,12
2.176,-73.07366894301768,16.714891674865516,11
2.177,-72.89557028734367,16.892572924064204,11
2.178,-71.19523524075804,18.592490966220247,12
2.179,-71.24002358432325,18.547286020389183,12
2.18,-71.4466013879908,18.34029201673748,12
2.181,-71.78402036857311,18.002457238570525,12
2.182,-71.96058556028132,17.825476651794865,12
2.183,-70.83826122159833,18.947385998045217,12
2.184,-72.74184715508471,17.043385474878473,12
2.185,-71.45449644989829,18.330321993254177,12
2.186,-72.67796309897895,17.106441560349715,12
2.187,-72.88993387212444,16.894057406484446,11
2.188,-73.22852693321548,16.555051367894723,11
2.189,-72.70703673016094,17.076128996788555,12
2.19,-74.02478597826628,15.7579675779773,11
2.191,-73.57631817860288,16.20602361050628,11
2.192,-71.84656407143443,17.93536635422834,12
2.193,-73.00299958695203,16.778519879068888,11
2.194,-72.8216509986107,16.959457911689228,11
2.195,-73.35572719240545,16.42497156621061,11
2.196,-72.96362806739292,16.81666094369251,11
2.197,-72.92535362450718,16.854526043316834,11
2.198,-73.43789641459324,16.34157431435453,11
2.199,-72.99062156295413,16.788440631618307,11
2.2,-71.46631114491748,18.312342919896228,12
2.201,-71.66215968877191,18.11608665101523,12
2.202,-71.09273275076626,18.68510626884191,12
2.203,-72.22005507448922,17.557377029902906,12
2.204,-73.02205006015731,16.754975534096925,11
2.205,-72.6035921941002,17.173027295209394,12
2.206,-71.36039752048424,18.415816269188973,12
2.207,-71.10530812244667,18.67050037301325,12
2.208,-71.41639304288601,18.359010563898515,12
2.209,-71.45516473683716,18.31983438692452,12
2.21,-72.5315532789831,17.243041767522794,12
2.211,-72.02217506565744,17.752016309474172,12
2.212,-71.30201987258255,18.471768237170554,12
2.213,-71.72029767390738,18.053087576577227,12
2.214,-72.13666160099798,17.636321196442207,12
2.215,-71.92424994242317,17.848330808310646,12
2.216,-72.30452054116294,17.4676585693164,12
2.217,-72.3612795038052,17.41049837298529,12
2.218,-70.61447964640016,19.156897403380782,13
2.219,-70.88905250218284,18.88192412738128,12
2.22,-71.2451030089757,18.52547360727778,12
2.221,-71.8273074886599,17.942869521302413,12
2.222,-71.22871327589594,18.541064534907804,12
2.223,-71.42355045469884,18.345828564192036,12
2.224,-71.99980734606537,17.769173288271258,12
2.225,-70.91404055353917,18.854542103714646,12
2.226,-69.78984614072854,19.978338947026625,13
2.227,-70.39041218315202,19.377375742801245,13
2.228,-72.01977841784918,17.747612754111415,12
2.229,-71.19372726949149,18.57326755639807,12
2.23,-71.8078357474202,17.958763140432165,12
2.231,-71.17041190438711,18.595791453574087,12
2.232,-72.85426478859728,16.911543447730768,11
2.233,-72.08996236324397,17.675451159820856,12
2.234,-73.10566810608023,16.659351112203126,11
2.235,-72.46567527273376,17.298950049361565,12
2.236,-72.44702432866004,17.317207505952226,12
2.237,-73.23419938454796,16.52963937139768,11
2.238,-73.53496070862833,16.22848537757846,11
2.239,-72.91432255209507,16.848731273411904,11
2.24,-72.80109601877123,16.961565955186007,11
2.241,-72.29434252640078,17.46792800526785,12
2.242,-70.6501070215251,19.111772477226907,13
2.243,-72.01604990941567,17.745438965902462,12
2.244,-70.68147273079545,19.07962593068221,13
2.245,-70.65829905139616,19.10240980594496,13
2.246,-71.47018016804903,18.290139294969904,12
2.247,-72.60834897931498,17.151581499306428,12
2.248,-72.75183973988247,17.00770216437626,12
2.249,-71.96574001011285,17.793413729928112,12
2.25,-72.0835167295797,17.675249256498407,12
2.251,-70.83368950970807,18.924689132771892,12
2.2520000000000002,-72.09729457136964,17.660697137986624,12
2.253,-72.11346947313851,17.644135713678136,12
2.254,-73.1603582531668,16.59686082180379,11
2.255,-72.82133943915241,16.93549393477508,11
2.2560000000000002,-72.06062335766212,17.69582472613448,12
2.257,-72.41770276568417,17.33836043900293,12
2.258,-74.57620490489057,15.179473831817425,11
2.259,-74.31708396700974,15.438210712958504,11
2.2600000000000002,-73.87047021936772,15.884440815208897,11
2.261,-73.46859685608366,16.28593094455816,11
2.262,-72.39120829116969,17.36293668710273,12
2.263,-73.27523100367718,16.478531563899722,11
2.2640000000000002,-72.66738973860213,17.08599083006144,12
2.265,-71.65772366887862,18.09527531276206,12
2.266,-73.15917457453115,16.593443232085193,11
2.267,-72.85551656575878,16.89672047793977,11
2.2680000000000002,-73.24901927333538,16.502837419659816,11
2.269,-73.27518615414797,16.476290600466047,11
2.27,-72.94327034072985,16.807826887932855,11
2.271,-73.31885500816108,16.43186310708767,11
2.2720000000000002,-73.83605718990118,15.914282224578427,11
2.273,-73.74213105536136,16.00783007110119,11
2.274,-74.58444115473311,15.165142096571662,11
2.275,-75.3917746077085,14.357431181404865,10
2.2760000000000002,-74.69873048687597,15.050098253119277,11
2.277,-75.55365408624722,14.19479801781008,10
2.278,-74.86479208802173,14.88328379338447,10
2.279,-74.37280217411453,15.374897898034064,11
2.2800000000000002,-75.72031497922036,14.027009697170596,10
2.281,-76.14208227252614,13.604867421713498,10
2.282,-74.9903480907747,14.756227035026221,10
2.283,-75.6935935193564,14.052607451824539,10
2.2840000000000003,-75.93885704895094,13.806970181534798,10
2.285,-75.40373848050447,14.341715423316728,10
2.286,-74.62269867773334,15.12238231355978,11
2.287,-74.73347254781856,15.01123594518861,11
2.2880000000000003,-75.12743351440497,14.616902894663976,10
2.289,-73.82575498882409,15.918209750759777,11
2.29,-72.31281009900263,17.430783385654614,12
2.291,-71.49235258128344,18.250870063110856,12
2.2920000000000003,-71.44770356931745,18.295148649582654,12
2.293,-72.14786749095757,17.594614717322138,12
2.294,-72.83837038456917,16.903742228068715,11
2.295,-72.37600149853522,17.365741933544207,12
2.2960000000000003,-72.01861428965587,17.722760377053085,12
2.297,-70.85777116764578,18.883235148985197,12
2.298,-70.36793712917947,19.37270125277041,13
2.299,-71.68852679030985,18.05174407246008,12
2.3000000000000003,-70.83137225633753,18.908531502857794,12
2.301,-71.71324315959829,18.026293911731774,12
2.302,-72.04905059907985,17.69012020019828,12
2.303,-71.8439365591496,17.89486838399366,12
2.3040000000000003,-70.19535761068965,19.54308189233953,13
2.305,-67.68598727711432,22.05208720192518,14
2.306,-67.35861364554145,22.37909622573617,14
2.307,-67.70115539967637,22.036190280170565,14
2.308,-67.43304122110197,22.303940683748635,14
2.309,-66.88186826285826,22.854750283533548,14
2.31,-67.35751774499309,22.3787378595804,14
2.311,-66.05443005899933,23.68146302049919,15
2.312,-66.1049799902787,23.630550980991,15
2.313,-65.93081063860116,23.804358641388443,15
2.314,-65.623650279399,24.11115772636179,15
2.315,-65.53187942540015,24.2025677232855,15
2.316,-65.09660402982925,24.637482679037255,15
2.317,-65.88965207297703,23.84407461342846,15
2.318,-66.60185947238135,23.131507609023295,15
2.319,-67.7361031878984,21.996904706067536,14
2.32,-67.54446957945154,22.188179544739626,14
2.321,-67.07812617637366,22.654164595808375,14
2.322,-66.89743167773737,22.83450116030275,14
2.323,-65.71201944624043,24.01955587562646,15
2.324,-65.97113417303602,23.760084050727666,15
2.325,-65.65899722462123,24.07186431921052,15
2.326,-66.82328112918194,22.90722415299024,14
2.327,-67.35493924137607,22.375210197509894,14
2.328,-66.96489271478539,22.764901299288617,14
2.329,-66.46264969700951,23.266789310827537,15
2.33,-66.93101006529703,22.798074354978688,14
2.331,-67.19561965876272,22.533110592727827,14
2.332,-68.65231204177745,21.076064459804495,14
2.333,-69.08526080786241,20.642762362787785,13
2.334,-68.46342407019051,21.264246188604965,14
2.335,-68.12848164040145,21.598836125716367,14
2.336,-67.86883691230241,21.85812878041475,14
2.337,-67.99446230113598,21.732151737557356,14
2.338,-68.15049364145837,21.575769162687656,14
2.339,-68.85520880563051,20.870703183544293,13
2.34,-68.40134605822274,21.324215535656414,14
2.341,-68.19662183515969,21.528589783198683,14
2.342,-67.94091602863092,21.783946034080802,14
2.343,-68.5419897847039,21.182523142334425,14
2.344,-70.4722429047677,19.251921306669423,13
2.345,-69.62200875145123,20.101807164555776,13
2.346,-70.11632961636862,19.607138424478126,13
2.347,-70.91008437131829,18.813036214736638,12
2.348,-70.37778445014136,19.344989101588748,13
2.349,-70.76941248634884,18.95301445162184,12
2.35,-69.93781458648901,19.78426615838588,13
2.351,-69.50774773697385,20.213987235567075,13
2.352,-69.03944358637507,20.681946034691762,13
2.353,-70.29422229979079,19.426822390759714,13
2.354,-69.3548823343795,20.365817846710286,13
2.355,-69.2436522776926,20.476703815089692,13
2.356,-69.66115040062992,20.058862025095742,13
2.357,-69.63552064130158,20.08414853871574,13
2.358,-71.20723912197751,18.512087233777084,12
2.359,-70.89900079875551,18.81998315427917,12
2.36,-71.79890593287286,17.91973603908184,12
2.361,-72.93159631414665,16.786704098464952,11
2.362,-74.16001513382682,15.557944141275414,11
2.363,-73.14784675992698,16.569771799596367,11
2.364,-73.62473366406978,16.09254460190179,11
2.365,-72.28366883697471,17.433269557568668,12
2.366,-72.71723705301989,16.999361892315257,11
2.367,-74.10767745815107,15.60858246029209,11
2.368,-74.95106923650103,14.7648520774625,10
2.369,-73.80438644742831,15.911196684563997,11
2.37,-73.86087162241924,15.854373750206143,11
2.371,-74.24133906217946,15.473568973779077,11
2.372,-74.01746545413225,15.697105667955194,11
2.373,-73.51824913525097,16.195985495856654,11
2.374,-72.52696252454423,17.186936038570312,12
2.375,-71.29989886580195,18.413664052401515,12
2.376,-71.62564005404344,18.08758764242616,12
2.3770000000000002,-72.74185589462887,16.97103700337916,11
2.378,-73.05442091920567,16.65813760370802,11
2.379,-72.79410399323118,16.91812057805022,11
2.38,-73.5620647793387,16.149826263867194,11
2.3810000000000002,-74.2937362576764,15.41782168110533,11
2.382,-73.91417348104677,15.797051777056641,11
2.383,-73.87608116684993,15.834811834415346,11
2.384,-73.77170276236386,15.938858405997705,11
2.3850000000000002,-74.32948315660937,15.380746602877007,11
2.386,-74.4257021683336,15.284196606400126,11
2.387,-75.09500671680419,14.61456149739329,10
2.388,-74.22854060817993,15.480697469791448,11
2.3890000000000002,-73.27603237360444,16.43287599254463,11
2.39,-74.75782487058288,14.950754208241205,10
2.391,-75.41794261380525,14.29030760228452,10
2.392,-76.52312996165725,13.184791816382228,10
2.3930000000000002,-76.880063893949,12.827529870817289,9
2.394,-76.75146259807353,12.955803578289768,9
2.395,-77.76410548013654,11.942833532786839,9
2.396,-78.2972529286466,11.409359345892732,9
2.3970000000000002,-78.87727854669376,10.829007414610121,8
2.398,-78.42674941917907,11.279210654130452,9
2.399,-78.1088719821856,11.596762628463136,9
2.4,-78.4615232709959,17.494109233552926,12
2.4010000000000002,-78.05273665496644,17.90267887849437,12
2.402,-78.26191387170272,17.693284969781676,12
2.403,-78.23393835461854,17.72104407408377,12
2.404,-76.58941571573509,19.365350579462103,13
2.4050000000000002,-75.28752987192944,20.667020569122126,13
2.406,-76.23317540993291,19.721159456414913,13
2.407,-75.37013947058773,20.58398010058057,13
2.408,-74.55680703145943,21.3970975241358,14
2.4090000000000003,-75.40564235571158,20.54804746399908,13
2.41,-74.58461958476283,21.368855778833815,14
2.411,-73.19830617072031,22.754955016614765,14
2.412,-74.07989710911383,21.873150181893926,14
2.4130000000000003,-74.75564179635575,21.19719187834063,14
2.414,-73.7949628137487,22.157657524733825,14
2.415,-73.49317682131014,22.459230461137555,14
2.416,-72.97055964961115,22.981634857062115,14
2.4170000000000003,-72.64416264348519,23.307819367755354,15
2.418,-72.28908861779328,23.66268117843739,15
2.419,-73.37619351385484,22.575364347869904,14
2.42,-72.44565084638458,23.505695361419168,15
2.4210000000000003,-71.45058342097614,24.500551413572364,15
2.422,-71.65868345929702,24.2922402827428,15
2.423,-71.70378793695824,24.2469249934001,15
2.424,-72.9841770649944,22.966325334590216,14
2.4250000000000003,-72.51231740661706,23.437974743182043,15
2.426,-72.01120197347645,23.9388802076057,15
2.427,-72.05752786218723,23.892344631326758,15
2.428,-71.11518235370836,24.83448073346642,15
2.4290000000000003,-71.42333793682893,24.526116025315602,15
2.43,-70.97174203968439,24.97750307881883,15
2.431,-71.85566931322076,24.093367243109856,15
2.432,-71.87579064045438,24.073037635252092,15
2.433,-72.02046034687685,23.92815992983357,15
2.434,-71.82691743467845,24.121495124743507,15
2.435,-72.13573860884715,23.812466515073346,15
2.436,-72.23417885853834,23.713819111747007,15
2.437,-71.53232891284229,24.415462185753416,15
2.438,-71.90868195623592,24.03890255269474,15
2.439,-73.24277040546278,22.704607795906433,14
2.44,-71.73237570440149,24.21479647158877,15
2.441,-70.58848804416878,25.358478388703787,15
2.442,-71.71382948965044,24.232931482444386,15
2.443,-71.14584892891429,24.800706864821297,15
2.444,-71.59239803761767,24.35395286025569,15
2.445,-71.3836239324678,24.562522352118656,15
2.446,-71.15758672302162,24.788355230931572,15
2.447,-71.38016200262416,24.565575903427526,15
2.448,-72.05064185055225,23.894892290407732,15
2.449,-72.616723316324,23.328607342432036,15
2.45,-73.34776729718399,22.597360162333693,14
2.451,-73.97935506652857,21.965569476794112,14
2.452,-73.94973275013473,21.994989160113903,14
2.453,-74.46062180634696,21.4838977540261,14
2.454,-73.78857155038355,22.155745943389846,14
2.455,-72.47373540712817,23.470380303398773,15
2.456,-72.93066038367422,23.013253827036685,15
2.457,-72.68777925784921,23.255933736553192,15
2.458,-72.23810992203138,23.70540213964704,15
2.459,-71.82940168433811,24.113909728277747,15
2.46,-71.76635706353204,24.17675398375945,15
2.461,-71.15132118168577,24.79158978409625,15
2.462,-70.77742332174329,25.165287846420703,15
2.463,-71.8487555538217,24.093756100692186,15
2.464,-71.12510781400545,24.817204610902635,15
2.465,-70.4152796849093,25.52683379451353,15
2.466,-71.10645987724301,24.83545494089126,15
2.467,-71.10363145160153,24.83808498951693,15
2.468,-70.56414947703244,25.377368871418902,15
2.469,-70.78854681504795,25.152773725160785,15
2.47,-69.93754033004765,26.00358268641875,15
2.471,-68.04699247136516,27.893933305934784,15
2.472,-68.85152306485624,27.08920575792863,15
2.473,-70.11869584464763,25.821836308348978,15
2.474,-69.9339673566062,26.006368411404267,15
2.475,-69.40918116461722,26.530958503284403,15
2.476,-69.69740887757787,26.242534975167317,15
2.477,-68.57350657853551,27.366241744080625,15
2.478,-69.81630451953832,26.123248558051046,15
2.479,-69.31988639045535,26.619471727284278,15
2.48,-69.92338263127768,26.015780811863927,15
2.481,-68.56897577565553,27.369993278214338,15
2.482,-67.0415595082205,28.897215441778346,15
2.483,-67.86979657727778,28.068784554325134,15
2.484,-68.48432187402398,27.454065724732338,15
2.485,-67.90235031500262,28.03584403653053,15
2.486,-68.38042267789885,27.55757871210863,15
2.487,-68.55515413190406,27.382654582349154,15
2.488,-68.66398220212845,27.273634122215718,15
2.489,-70.3859824748883,25.55144174546578,15
2.49,-70.45412925824111,25.483103144115393,15
2.491,-71.08160254144175,24.85543832898321,15
2.492,-71.52044172974298,24.41640789488986,15
2.493,-70.33104182190448,25.60561684314895,15
2.494,-71.43468597111675,24.501782020643134,15
2.495,-70.77292921216159,25.163348392663703,15
2.496,-71.04588418920129,24.89020331512133,15
2.497,-71.30855240166339,24.627345288661303,15
2.498,-70.67073499984258,25.264973163061693,15
2.499,-70.43289711585521,25.502621806278785,15
2.5,-70.01280178409868,25.92252818398773,15
2.501,-69.27885020890977,26.656291091924153,15
2.5020000000000002,-69.65491720214062,26.280035718308255,15
2.503,-70.2495393834674,25.68522544353607,15
2.504,-71.21363472747288,24.720942293096897,15
2.505,-71.9231321060632,24.011257395156633,15
2.5060000000000002,-69.46525218541386,26.468950083611652,15
2.507,-68.52309294243115,27.410922381627458,15
2.508,-69.77728518371265,26.156543482678124,15
2.509,-70.95748532284821,24.976156973245388,15
2.5100000000000002,-70.58993201910704,25.343524194131483,15
2.511,-70.18266824853887,25.75060216935805,15
2.512,-69.79032361638383,26.142761293756173,15
2.513,-70.08214074392224,25.850758946116702,15
2.5140000000000002,-70.25456448421362,25.678150273451116,15
2.515,-70.04306427470101,25.88946583838731,15
2.516,-70.04124273004419,25.89110302633632,15
2.517,-71.95652596366993,23.97563572394208,15
2.5180000000000002,-72.14065855446643,23.791319352386978,15
2.519,-72.83434727316187,23.097447141013333,15
2.52,-72.64650676916685,23.285104440480918,15
2.521,-70.1292552917785,25.802173001562878,15
2.5220000000000002,-69.8896804372903,26.041565228035928,15
2.523,-70.22601407816897,25.705049247503354,15
2.524,-69.52154344496995,26.409337829479703,15
2.525,-69.21041002851997,26.72028948320806,15
2.5260000000000002,-68.96375746031876,26.96676057725845,15
2.527,-68.57164187782955,27.358694974237277,15
2.528,-66.98959336109061,28.94056259417574,15
2.529,-68.12155515601688,27.80842019122836,15
2.5300000000000002,-67.8738635040026,28.05593152407017,15
2.531,-68.80034803404189,27.12926696377625,15
2.532,-68.45737849119416,27.472056765356257,15
2.533,-69.35409200074027,26.575163803598322,15
2.5340000000000003,-69.79801236032512,26.13106428092641,15
2.535,-70.12247293237603,25.806424834981954,15
2.536,-69.37702425616943,26.55169492655716,15
2.537,-68.70908377000244,27.2194571174235,15
2.5380000000000003,-69.8676254700685,26.060737411455882,15
2.539,-69.89815952822904,26.030025636861268,15
2.54,-70.56324833971199,25.364759398479922,15
2.541,-71.65822122017182,24.269609380725466,15
2.5420000000000003,-71.84325736158159,24.084396391692863,15
2.543,-72.09694636176083,23.830530833630448,15
2.544,-70.0658194680294,25.861481459286146,15
2.545,-69.77398411053215,26.153140838582782,15
2.5460000000000003,-70.99953272477676,24.92741653608026,15
2.547,-71.50007010815621,24.426703754452994,15
2.548,-70.66149068723092,25.26510806720794,15
2.549,-68.96905393111909,26.95737000529413,15
2.5500000000000003,-70.40004887217121,25.52620053642822,15
2.551,-72.01824547994667,23.907829691117804,15
2.552,-70.4523770120907,25.473524211784586,15
2.553,-70.18106455679937,25.744663010299256,15
2.5540000000000003,-70.96670483104292,24.958849369758298,15
2.555,-70.55421056751324,25.371170557536388,15
2.556,-72.79477357374314,23.130434766167177,15
2.557,-72.75095102951965,23.17408481593001,15
2.5580000000000003,-72.43906078759123,23.485802854142683,15
2.559,-71.64362149967577,24.281070229153414,15
2.56,-72.49182289574526,23.432697211056286,15
2.561,-72.39165399271768,23.53269478299922,15
2.562,-73.1363550987101,22.787822636930954,14
2.563,-72.8692779775343,23.05472900910541,15
2.564,-73.56985810943247,22.353978419346,14
2.565,-73.83720952617347,22.08645683594937,14
2.566,-74.5826246705899,21.34087181614827,14
2.567,-73.92857893184059,21.994747970849104,14
2.568,-73.12828803858297,22.79486957145966,14
2.569,-73.26903525070163,22.653953358160347,14
2.57,-73.17723883935936,22.745581059853336,14
2.571,-74.32560018706994,21.59705129408966,14
2.572,-74.47256475630196,21.449918598465448,14
2.573,-74.40618727504207,21.516128245058646,14
2.574,-72.12120249308981,23.80094548413421,15
2.575,-73.03187534255252,22.890105383649203,14
2.576,-71.76374227658374,24.158071490514352,15
2.577,-70.93497336161597,24.986673738361304,15
2.578,-70.7349890380003,25.186491686903075,15
2.579,-69.31388317041525,26.607431471525015,15
2.58,-69.10268795458026,26.818460896571573,15
2.581,-68.88576569177933,27.035217660822454,15
2.582,-69.04533888261916,26.87547926373458,15
2.583,-68.13681161606908,27.78384161640212,15
2.584,-67.37033349892077,28.550155112096796,15
2.585,-68.06670268176055,27.85362160029557,15
2.586,-69.31201653507118,26.608143710578815,15
2.587,-69.57921391601755,26.340782585844774,15
2.588,-70.33226212894867,25.58757092180734,15
2.589,-70.44269692189934,25.476972970494565,15
2.59,-69.46681409802754,26.45269292881119,15
2.591,-69.93936563458996,25.979978819563158,15
2.592,-70.04833781273355,25.870844361666038,15
2.593,-70.06909840558949,25.849921782051023,15
2.594,-69.43171988383226,26.48713861010595,15
2.595,-71.39399415844036,24.52470293491446,15
2.596,-71.91377139249472,24.00476459345772,15
2.597,-71.73251760882624,24.18585756296679,15
2.598,-70.73622375247669,25.18199089846172,15
2.599,-71.18689075225133,24.731163671198996,15
2.6,-72.7710566492788,23.146837840111587,15
2.601,-72.21591954250583,23.701815306314312,15
2.602,-72.72675560876584,23.190819893035112,15
2.603,-73.67814947674792,22.23926697164621,14
2.604,-74.12137161388664,21.795886074774202,14
2.605,-74.18111926299488,21.735979959667286,14
2.606,-74.5879614587227,21.32897959173636,14
2.607,-76.3098322213181,19.606950950794257,13
2.608,-75.38262490987186,20.534000677810944,13
2.609,-74.17833231544635,21.738135981784676,14
2.61,-73.540628842426,22.375682458391545,14
2.611,-74.41640437338339,21.499750225119342,14
2.612,-74.47861009138133,21.437388098965556,14
2.613,-74.37620906449972,21.539633011910468,14
2.614,-73.7745328230729,22.141153433679808,14
2.615,-73.1391118686044,22.776418862830006,14
2.616,-73.69549758013076,22.219877920384352,14
2.617,-73.55090713095699,22.364313433097603,14
2.618,-73.10003031491956,22.815035607192847,14
2.619,-71.83680341854759,24.078108156200535,15
2.62,-71.24894501319635,24.665812508824754,15
2.621,-70.61431451259686,25.300289251393796,15
2.622,-70.59158366654455,25.322866634171394,15
2.623,-69.46653085595827,26.44776627629777,15
2.624,-69.21871254191406,26.695431716755813,15
2.625,-70.03770676577199,25.876284914244316,15
2.626,-68.94079326845727,26.97304612789678,15
2.6270000000000002,-68.47447010436404,27.43921730337769,15
2.628,-68.97567038848749,26.937865325750362,15
2.629,-69.48716611292089,26.42621820297991,15
2.63,-69.33283677127788,26.58039644151099,15
2.6310000000000002,-69.04615696962779,26.86692543533241,15
2.632,-68.9921002004339,26.92083169203899,15
2.633,-68.84542058201211,27.067361093372725,15
2.634,-67.5498084489809,28.362823304772988,15
2.6350000000000002,-66.82866001362794,29.08382211400983,15
2.636,-66.86897682286853,29.043355974225584,15
2.637,-66.28343720694201,29.628746555238354,15
2.638,-67.3628440263164,28.549190996637556,15
2.6390000000000002,-67.20951369570805,28.702372883764067,15
2.64,-65.8886166690399,30.02312176275212,15
2.641,-66.30658859658254,29.6050019833882,15
2.642,-67.23146065707216,28.67998236699302,15
2.6430000000000002,-67.95675671055713,27.95453905357504,15
2.644,-69.01695262469512,26.89419617553331,15
2.645,-69.78124239368019,26.12975973873036,15
2.646,-70.1704974970446,25.740358263690403,15
2.6470000000000002,-71.40500342154446,24.505706263713705,15
2.648,-71.40827840988,24.502285496156322,15
2.649,-70.67409741969202,25.236321003433574,15
2.65,-71.47459377363131,24.435679462950706,15
2.6510000000000002,-70.22472796059597,25.685400385865556,15
2.652,-69.86358658343124,26.046397169388698,15
2.653,-69.08466623749341,26.82517321821952,15
2.654,-69.74107424742365,26.168621207772432,15
2.6550000000000002,-69.1135560330683,26.795995718256588,15
2.656,-70.12990676876137,25.779501575393333,15
2.657,-69.45721957719753,26.452045656543227,15
2.658,-69.40893220745042,26.500190212687784,15
2.6590000000000003,-69.04543219954368,26.86354770385837,15
2.66,-70.13427001764846,25.774567665938733,15
2.661,-70.9463114108721,24.962384349876356,15
2.662,-70.48488872997999,25.423665404960516,15
2.6630000000000003,-71.3273109165091,24.581101889708794,15
2.664,-70.96220331953671,24.94606845509841,15
2.665,-72.13390890385895,23.77422213638754,15
2.666,-71.41649002661056,24.491500576495678,15
2.6670000000000003,-72.45817781206632,23.44967265120217,15
2.668,-71.97394778969044,23.933762831096807,15
2.669,-71.44815562418529,24.459415451531115,15
2.67,-72.04319032836021,23.864241499749525,15
2.6710000000000003,-71.55099746951899,24.3562954085019,15
2.672,-71.34598369532114,24.561170530182295,15
2.673,-71.81392911074984,24.09308675986098,15
2.674,-72.6538364060091,23.253041407387233,15
2.6750000000000003,-74.25363163148839,21.653108422424832,14
2.676,-73.86654671019537,22.040055882019196,14
2.677,-75.08710724726515,20.819358181088194,13
2.678,-74.87828416644152,21.02804439594093,14
2.6790000000000003,-74.97625224882623,20.92993974552838,13
2.68,-74.28647840755626,21.61957731676623,14
2.681,-74.44033429521879,21.46558545711983,14
2.682,-74.61088371763134,21.294900360824055,14
2.6830000000000003,-73.89205288860289,22.013595814122255,14
2.684,-73.53203475261732,22.373478872582734,14
2.685,-73.20219771928645,22.70318112664574,14
2.686,-72.75828431133569,23.146960053637823,15
2.6870000000000003,-73.99946273489111,21.905647447484768,14
2.688,-73.28467378976106,22.620302508429972,14
2.689,-72.71855939707129,23.18628331539928,15
2.69,-73.5299954012273,22.374714024038724,14
2.691,-73.6665230238114,22.23805341281736,14
2.692,-73.62735987520125,22.277083871408827,14
2.693,-73.66899035259837,22.235321002662786,14
2.694,-73.31952453044858,22.584654732184447,14
2.695,-72.07139035713182,23.832657111644814,15
2.696,-71.16398423109935,24.73993174264344,15
2.697,-72.28383837971279,23.619946397869423,15
2.698,-71.7503644858243,24.153289394521206,15
2.699,-70.65045328169761,25.25307000038556,15
2.7,-70.37810127038439,25.52529171246114,15
2.701,-69.53110639377118,26.372156588911693,15
2.702,-67.95189421433192,27.951239067313413,15
2.703,-67.25803225299767,28.644971626785246,15
2.704,-67.2360064323874,28.666868344758143,15
2.705,-66.55314342217775,29.349602551605276,15
2.706,-66.64629573242158,29.256321737323468,15
2.707,-66.83640850412043,29.066080760960737,15
2.708,-67.33111291250833,28.5712484473325,15
2.709,-66.21368586562139,29.688547888452014,15
2.71,-67.1218277072703,28.780278740557787,15
2.711,-66.03873945153224,29.86323998962179,15
2.712,-65.85770507727892,30.04414765682125,15
2.713,-67.26338398620126,28.63834234051417,15
2.714,-67.14346917434152,28.758131044707067,15
2.715,-69.08060688091012,26.820867530238154,15
2.716,-68.67371601667844,27.227632886384605,15
2.717,-68.06718647478415,27.834037220057162,15
2.718,-68.71379417554306,27.187304610988335,15
2.719,-68.73925383130232,27.161720346879168,15
2.72,-67.24139531122883,28.65945455861084,15
2.721,-67.84924716323678,28.05147869831712,15
2.722,-68.89288762132985,27.007714532042208,15
2.723,-67.78206329886179,28.118415446480064,15
2.724,-66.3158058341164,29.584549803394516,15
2.725,-66.5373426066341,29.362890223292663,15
2.726,-65.912016981773,29.98809334086379,15
2.727,-65.03734103894898,30.862647076739282,15
2.728,-65.93080777986441,29.969058429263924,15
2.729,-66.57474449890304,29.32500010410104,15
2.73,-65.76579156181708,30.13383173554534,15
2.731,-64.61160861438239,31.287893677867782,15
2.732,-64.43687236059839,31.462509227115664,15
2.733,-65.46899242294916,30.43026876085149,15
2.734,-64.07575169870745,31.82338938184897,15
2.735,-64.8323846713471,31.06663660668064,15
2.736,-65.39598093993536,30.502920836325472,15
2.737,-65.37371693667531,30.525065638626543,15
2.738,-64.34465172104757,31.55401195414923,15
2.739,-63.939129245506166,31.959415830485405,15
2.74,-63.915092898584646,31.983333879147327,15
2.741,-63.851839094995384,32.04646968546826,15
2.742,-64.14030094574312,31.75789013848903,15
2.743,-63.9893417566802,31.90873193240275,15
2.744,-66.41231918099868,29.48563741406265,15
2.745,-66.88149300617849,29.01634679603402,15
2.746,-66.88463829011009,29.013085020471507,15
2.747,-68.04565219100652,27.851954929207047,15
2.748,-67.88183310512899,28.015658126024267,15
2.749,-68.2159809665728,27.681394676872646,15
2.75,-66.90691923818697,28.990341118947768,15
2.751,-65.8154021224709,30.08174324979478,15
2.7520000000000002,-66.46371298188772,29.43331770699491,15
2.753,-66.82478782089606,29.072128486133856,15
2.754,-67.10810780740576,28.78869441934592,15
2.755,-67.69484175352468,28.201846694567294,15
2.7560000000000002,-67.72094079477046,28.17563417632431,15
2.757,-68.53942256678809,27.357039229015754,15
2.758,-69.63544041767192,26.260908504591022,15
2.759,-69.23014322893223,26.666093121583394,15
2.7600000000000002,-68.83602266657088,27.060101414034513,15
2.761,-69.65072303862954,26.24528907394607,15
2.762,-69.01998377502258,26.87591667144691,15
2.763,-69.68494534363096,26.210843738699236,15
2.7640000000000002,-69.58817194896034,26.307506071240383,15
2.765,-69.02422759883784,26.871339661286115,15
2.766,-69.19365025307475,26.701806549067953,15
2.767,-68.95080820287923,26.94453844342039,15
2.7680000000000002,-69.52596811490669,26.369268677730563,15
2.769,-69.81267244720208,26.08245479399597,15
2.77,-70.09636030767774,25.798657684346573,15
2.771,-70.81901651824491,25.075892526913343,15
2.7720000000000002,-71.0395449629408,24.85525543770114,15
2.773,-72.39275306712165,23.501938991395726,15
2.774,-72.81306221641641,23.081521802409984,15
2.775,-73.04565604778277,22.84882023382796,14
2.7760000000000002,-73.24572562538448,22.64864322152754,14
2.777,-73.42622636203075,22.468035352741033,14
2.778,-73.45068118250836,22.44347370272301,14
2.779,-73.0247231892315,22.869325169100584,14
2.7800000000000002,-72.28789480839723,23.606047325717846,15
2.781,-72.84881588048886,23.045020332132534,15
2.782,-73.8481973440568,22.045533249835152,14
2.783,-74.67422923421958,21.21939604374798,14
2.7840000000000003,-75.0064480401345,20.887072224754437,13
2.785,-75.21352298221859,20.679892572478053,13
2.786,-75.76064489290988,20.132666254521254,13
2.787,-76.72406596899826,19.16914107413451,13
2.7880000000000003,-76.95103924864776,18.942063993193983,12
2.789,-76.63938415778428,19.253615585813954,13
2.79,-75.99688411633083,19.896012432111334,13
2.791,-76.33914303304988,19.553650623363588,13
2.7920000000000003,-76.54825612133476,19.344434946217127,13
2.793,-77.17686303360895,18.71572574828811,12
2.794,-77.03645958526559,18.856027214222944,12
2.795,-77.58175413878007,18.310630981585643,12
2.7960000000000003,-76.9236902879365,18.968593456631414,12
2.797,-78.25440049373712,17.637782178397153,12
2.798,-78.34644441202806,17.54563749107585,12
2.799,-77.88597740686716,18.006004030648594,12
2.8000000000000003,-77.5421122687556,18.349769006653013,12
2.801,-75.12594772634804,20.765833690473194,13
2.802,-74.75577694784869,21.135904913943506,14
2.803,-75.52696914691334,20.364613463446645,13
2.8040000000000003,-75.51236627896836,20.379117383594597,13
2.805,-76.89678552255518,18.994599495884216,12
2.806,-76.81634663412052,19.074940043906864,13
2.807,-77.36554613867334,18.525642502691642,12
2.8080000000000003,-76.4393877991065,19.45170310938356,13
2.809,-76.76920851951925,19.12178495992116,13
2.81,-76.72659228264918,19.164304071604516,13
2.811,-77.11778266574419,18.773016867223273,12
2.8120000000000003,-75.51937178233561,20.37133123328353,13
2.813,-75.69878459456329,20.191822207682762,13
2.814,-74.0805323959685,21.809978496916887,14
2.815,-73.37460491596639,22.51581037160785,14
2.816,-72.97374914270739,22.916570843642177,14
2.817,-72.6838437196211,23.206381269627116,15
2.818,-72.38535624756446,23.504774048742426,15
2.819,-74.0300650769387,21.859970830623542,14
2.82,-74.23847925124342,21.651462571807343,14
2.821,-73.50444407668591,22.385403966122897,14
2.822,-73.54395600549421,22.345798561378444,14
2.823,-74.71048158361351,21.17917981166494,14
2.824,-74.70600583632444,21.183562691737787,14
2.825,-73.24162220109405,22.647853764165827,14
2.826,-72.2167138288578,23.67266987804941,15
2.827,-72.32198154880865,23.567310204231255,15
2.828,-71.58089713291542,24.308302970778087,15
2.829,-71.96617187695081,23.92293688195267,15
2.83,-73.44889231787677,22.440125400828354,14
2.831,-74.22480379141189,21.66412319172178,14
2.832,-72.90180727363108,22.987029278593113,14
2.833,-73.15999952595143,22.72874690006024,14
2.834,-73.38308279232982,22.50557381220116,14
2.835,-73.64486591256616,22.243701175250653,14
2.836,-72.0639738843625,23.824503991541345,15
2.837,-70.77833234881209,25.11005662001445,15
2.838,-69.05178793587744,26.83651243074187,15
2.839,-69.37243909125883,26.51577297805759,15
2.84,-69.30282692068799,26.58529715626402,15
2.841,-70.74380198161641,25.144234407943706,15
2.842,-69.63828498290844,26.24966402426623,15
2.843,-70.77707547452268,25.110786455306815,15
2.844,-70.7195638728597,25.168211284698515,15
2.845,-71.75785152684621,24.129837163548228,15
2.846,-72.33246035237889,23.55514217599271,15
2.847,-73.09133726153553,22.79617940998749,14
2.848,-73.62977630945079,22.25765481043114,14
2.849,-74.09018315511216,21.797162718369265,14
2.85,-74.54046199895701,21.346798933397455,14
2.851,-73.82443807423151,22.06273822230242,14
2.852,-74.74958961901126,21.137502347041295,14
2.853,-74.53618052455485,21.350827416388114,14
2.854,-73.5025152381567,22.384408983080952,14
2.855,-73.95055212720094,21.936288679768097,14
2.856,-74.55160495412039,21.33515274404897,14
2.857,-74.72397249438531,21.1627024004855,14
2.858,-73.71733361555887,22.169258781546528,14
2.859,-73.57131046248749,22.315199742417562,14
2.86,-74.0350107394552,21.85141757884636,14
2.861,-73.63667650331674,22.24967023400989,14
2.862,-74.5740602637855,21.31220519822631,14
2.863,-73.99130946635698,21.894875026031567,14
2.864,-73.65938526826132,22.226718560226857,14
2.865,-73.93721648522883,21.9488069851131,14
2.866,-74.64603196747727,21.239911450503605,14
2.867,-75.36718263006503,20.518681041370957,13
2.868,-74.87802610443464,21.007758126303507,14
2.869,-73.83184466133454,22.053860434583527,14
2.87,-74.38025322569399,21.50537304131241,14
2.871,-73.9962121214128,21.88933562262084,14
2.872,-75.74505360282069,20.14041592420947,13
2.873,-76.17519518100778,19.710196435018467,13
2.874,-76.12847240405146,19.75684160700059,13
2.875,-76.81499865694856,19.07023805518904,13
2.876,-77.4970656878074,18.388094031505396,12
2.8770000000000002,-77.92906600610102,17.956017026506444,12
2.878,-77.54614629769856,18.338860354352708,12
2.879,-77.57802196876008,18.306908608913677,12
2.88,-79.31489976459477,16.56995504490964,11
2.8810000000000002,-80.88525842913454,14.99952091843798,10
2.882,-81.13455907278421,14.750145119123069,10
2.883,-80.48927931075556,15.39535003178225,11
2.884,-82.53602473281526,13.348530066677828,10
2.8850000000000002,-82.63229610708991,13.252184455712033,10
2.886,-82.74746950045476,13.136937132038362,10
2.887,-81.266520776956,14.617812231639228,10
2.888,-81.32027990693595,14.56397978420081,10
2.8890000000000002,-80.73389388064061,15.150292799505499,11
2.89,-80.37269543510958,15.51141854054195,11
2.891,-81.91595105739641,13.96809052028476,10
2.892,-80.98748907374085,14.896480412522195,10
2.8930000000000002,-80.55659988924718,15.327297812177871,11
2.894,-79.90009073406435,15.983735489130664,11
2.895,-76.42808056993941,19.45567448166117,13
2.896,-78.09400901521644,17.789675171452846,12
2.8970000000000002,-76.52650746663743,19.357106161791172,13
2.898,-76.69575977692266,19.187783599983145,13
2.899,-76.38095043460983,19.50252299751829,13
2.9,-76.35623914999924,19.52716464412336,13
2.9010000000000002,-76.64817984440616,19.23515461851008,13
2.902,-77.0502324470657,18.83303299147014,12
2.903,-76.68899698903458,19.194199731973562,13
2.904,-77.8786656378678,18.004462672491943,12
2.9050000000000002,-77.13553863359111,18.747521573026027,12
2.906,-77.39316367299534,18.489828736811365,12
2.907,-78.2348696708644,17.64805524909028,12
2.908,-78.47806672887697,17.40479100821022,12
2.9090000000000003,-77.29252978418747,18.59026107704278,12
2.91,-77.64579938646622,18.23692490594353,12
2.911,-77.24235403259952,18.64030399805195,12
2.912,-77.76173879633514,18.120853279645914,12
2.9130000000000003,-77.02287416384837,18.859652264575683,12
2.914,-76.37449903258464,19.50796205542125,13
2.915,-74.78550991562214,21.09688613912971,14
2.916,-74.9441460144468,20.93818531424033,13
2.9170000000000003,-74.3950789016808,21.487188008155968,14
2.918,-74.34320413404276,21.538998664182966,14
2.919,-73.2979972653361,22.58414172854275,14
2.92,-73.97079187243838,21.911283624382428,14
2.9210000000000003,-73.40002866906113,22.481983638015084,14
2.922,-73.63429278616248,22.247656638507046,14
2.923,-73.75136959526682,22.13051725435828,14
2.924,-73.73479756658877,22.14702701537839,14
2.9250000000000003,-73.58614151411277,22.29562110760707,14
2.926,-73.75057901081519,22.13112195809192,14
2.927,-73.63393909130171,22.247700532251127,14
2.928,-72.38884436234024,23.492734223340598,15
2.9290000000000003,-71.68715137921392,24.19436647610076,15
2.93,-71.11096097268064,24.770496459797272,15
2.931,-71.66018740495558,24.22120991223838,15
2.932,-72.548843249166,23.332494260320054,15
2.9330000000000003,-71.86870997180517,24.012568037572223,15
2.934,-71.28241425180079,24.598804565090227,15
2.935,-70.22412681610817,25.657033115941665,15
2.936,-70.93588819891944,24.94521315595722,15
2.9370000000000003,-71.30851667063087,24.572526414763324,15
2.938,-72.83950122674237,23.04148389688261,15
2.939,-73.27292528170479,22.608002187886704,14
2.94,-72.53457731683415,23.346292806481905,15
2.9410000000000003,-73.0432103658052,22.837602719015663,14
2.942,-72.61163722557973,23.269119128548294,15
2.943,-72.88911948113999,22.991580450119514,14
2.944,-72.72830917946433,23.152334636772835,15
2.945,-73.79860078644033,22.081987222642407,14
2.946,-73.80149882540756,22.079033684410277,14
2.947,-76.36337307700198,19.517104241461997,13
2.948,-76.49142778946855,19.388994645573963,13
2.949,-77.81560363524459,18.06476422433012,12
2.95,-76.72866722688127,19.151646365200445,13
2.951,-76.04236227649565,19.837897356088888,13
2.952,-75.64265639446364,20.237549586640455,13
2.953,-74.38285943291142,21.49729320474975,14
2.954,-75.22823380656683,20.651865795709575,13
2.955,-73.7982339692048,22.081812905765567,14
2.956,-73.10408334642256,22.775911109340903,14
2.957,-73.41039012611697,22.469552218559055,14
2.958,-72.56404391833115,23.31584662339707,15
2.959,-73.61671532975971,22.2631237171804,14
2.96,-74.39367984294338,21.486108017388293,14
2.961,-74.96073271047342,20.919004271449296,13
2.962,-75.43963154672237,20.440054865010584,13
2.963,-76.33885848316169,19.540777666620283,13
2.964,-75.30704813014438,20.57253806594487,13
2.965,-75.54966195629646,20.329874594377678,13
2.966,-75.27488706247016,20.60460015108572,13
2.967,-75.77931037691737,20.100127807836202,13
2.968,-77.30403451348718,18.575354950799024,12
2.969,-77.02986401512288,18.8494770370498,12
2.97,-78.58226295809824,17.297029990333506,12
2.971,-78.54010535351394,17.339139799568088,12
2.972,-79.58121992131873,16.297977744823324,11
2.973,-77.79083919533869,18.088311292291525,12
2.974,-76.96756976313046,18.91153385443435,12
2.975,-76.84793595372503,19.03112110223893,13
2.976,-75.77084718630536,20.108163616540384,13
2.977,-76.49232971520293,19.386635143025114,13
2.978,-76.02990766085692,19.849011561271787,13
2.979,-75.87252853644878,20.006345358116594,13
2.98,-75.66878932473315,20.210039550822497,13
2.981,-74.63538864603979,21.243395519077165,14
2.982,-74.09302969391628,21.785710069350316,14
2.983,-73.94215798443092,21.936537685590874,14
2.984,-75.41441993572279,20.46423194967685,13
2.985,-76.25068981110512,19.62791859831198,13
2.986,-76.35790439796057,19.520660844130443,13
2.987,-76.28187790630578,19.596644477132322,13
2.988,-77.22719436952625,18.65128546394873,12
2.989,-75.1899314022669,20.688506189951255,13
2.99,-73.97944485954399,21.898950800139954,14
2.991,-73.57845922770917,22.29989480817946,14
2.992,-73.6350896108755,22.24322310997287,14
2.993,-73.9265889116189,21.95168280296022,14
2.994,-74.82233739290254,21.055893624194255,14
2.995,-74.82693202986977,21.051258598547392,14
2.996,-74.68217393000025,21.195976618555626,14
2.997,-75.79098762276345,20.087123154765013,13
2.998,-75.54561181945591,20.33245949589444,13
2.999,-75.71782827627952,20.160203885757294,13
3.0,-77.34136911157536,18.53662420602766,12
3.001,-78.02965798419811,17.848296797865938,12
3.0020000000000002,-78.31961469995704,17.558301855477776,12
3.003,-76.68491440914315,19.19296422858699,13
3.004,-76.22335868699825,19.65448234196645,13
3.005,-77.35448030924262,18.523323419910472,12
3.0060000000000002,-76.92629230566763,18.951474432642144,12
3.007,-78.20696087390085,17.67076918254821,12
3.008,-77.24998951141059,18.6277041721746,12
3.009,-77.62424258748143,18.2534150322508,12
3.0100000000000002,-77.67035217859036,18.20726968631381,12
3.011,-76.53493822981751,19.342648189297382,13
3.012,-77.61869782731132,18.258853455066795,12
3.013,-78.75130431968304,17.126212135024403,12
3.0140000000000002,-79.16282130272576,16.71466063339063,11
3.015,-78.20975838656798,17.667689340050337,12
3.016,-79.4226415153984,16.454772310828105,11
3.017,-81.67953142055674,14.197848814397338,10
3.0180000000000002,-81.86680943556158,14.010537517252475,10
3.019,-81.21331933796854,14.66399464185081,10
3.02,-80.04740215253598,15.829879163446755,11
3.021,-80.31222403592416,15.565024925392695,11
3.0220000000000002,-80.52418896860254,15.353027947231727,11
3.023,-79.42667134131716,16.45051383823024,11
3.024,-80.888349275854,14.988804476614535,10
3.025,-81.06050181637781,14.81662081823204,10
3.0260000000000002,-80.74506515004819,15.132026675935226,11
3.027,-80.22778757665705,15.649273749944117,11
3.028,-80.52951192564805,15.347519210826883,11
3.029,-80.36732014539625,15.509681110220171,11
3.0300000000000002,-82.31037412026762,13.566597563769584,10
3.031,-82.65453111240069,13.222411309348058,10
3.032,-82.06112119454524,13.815792274217147,10
3.033,-82.6862599196667,13.190624905422654,10
3.0340000000000003,-82.4212051337139,13.455651357026838,10
3.035,-81.84493987649644,14.031888589231086,10
3.036,-81.94899243378164,13.927808316278956,10
3.037,-81.62301422710267,14.25375911664798,10
3.0380000000000003,-82.25323439243935,13.623511854369024,10
3.039,-82.23020304852517,13.646516410719073,10
3.04,-81.52956589892752,14.347127082141098,10
3.041,-81.23464906376549,14.642017748526282,10
3.0420000000000003,-81.57061218598315,14.306028766940722,10
3.043,-81.21966688492085,14.656948518054058,10
3.044,-80.47570423960317,15.400885922851646,11
3.045,-82.06133596530991,13.815229266063458,10
3.0460000000000003,-80.91561608901746,14.960924520722765,10
3.047,-81.06004559249318,14.816470705071747,10
3.048,-80.56598186676709,15.310510428089813,11
3.049,-79.45063850423736,16.425830097388097,11
3.0500000000000003,-80.51705547576142,15.359389742118346,11
3.051,-80.9908573366649,14.885564806964029,10
3.052,-81.09645355176448,14.779945827117356,10
3.053,-81.61042126154125,14.265955662106096,10
3.0540000000000003,-80.00999791512196,15.866356862812214,11
3.055,-80.62969092266651,15.246642019084362,11
3.056,-80.9748619834458,14.901449431660128,10
3.057,-80.67501755393536,15.201272644072317,11
3.0580000000000003,-81.55765116613968,14.318618124324674,10
3.059,-81.73507349167402,14.141175200810016,10
3.06,-81.31311283484837,14.563115569226362,10
3.061,-81.44962094013755,14.42658748510677,10
3.0620000000000003,-81.38229079058931,14.493897965411211,10
3.063,-81.68097088731064,14.195198509040331,10
3.064,-82.78774331040987,13.088407035893281,10
3.065,-82.32410500097427,13.55202660489021,10
3.0660000000000003,-80.68778747172556,15.188325703316652,11
3.067,-80.56183999205228,15.314255061791194,11
3.068,-80.2696746155556,15.606402626719703,11
3.069,-79.60122231239197,16.274837427952658,11
3.0700000000000003,-80.5919758332519,15.284066714806299,11
3.071,-79.0724178211502,16.803607844272502,11
3.072,-78.86201039901904,17.013998693425627,12
3.073,-77.47196675453117,18.404026074599358,12
3.074,-78.1050025925507,17.770974282935885,12
3.075,-76.59194298357323,19.284018247945795,13
3.076,-76.00749065688855,19.868455240345366,13
3.077,-75.63191194125636,20.24401893138084,13
3.078,-75.53743678238118,20.338479375353522,13
3.079,-75.84882305155938,20.027078700972744,13
3.08,-74.94346014764106,20.93242750939399,13
3.081,-74.9567565277759,20.91911734347307,13
3.082,-76.7228910786236,19.152969316555577,13
3.083,-77.71237759979721,18.16346962903372,12
3.084,-77.88854031864754,17.9872940535618,12
3.085,-77.64608149874282,18.229740326576554,12
3.086,-77.71896582694997,18.156843761215924,12
3.087,-76.72893086103268,19.146866799720982,13
3.088,-78.4155888977929,17.460197145294387,12
3.089,-78.29356851363505,17.58220622153623,12
3.09,-79.80849870946038,16.06726502754963,11
3.091,-79.11994426953788,16.75580877906989,11
3.092,-79.17006490430477,16.705677765663914,11
3.093,-78.79145262964636,17.084279971450403,12
3.094,-79.49615285189168,16.37956999010427,11
3.095,-78.39098951514215,17.484723877527838,12
3.096,-77.52852805776874,18.347176195353825,12
3.097,-77.08238402102967,18.793311402327543,12
3.098,-77.24787037264157,18.627816530735796,12
3.099,-76.81758988132549,19.058088811860824,13
3.1,-77.47539891055868,18.400271882228555,12
3.101,-76.80831201719842,19.067351184984798,13
3.102,-75.5084476651415,20.367208256235685,13
3.103,-74.74276729411861,21.132881656253364,14
3.104,-75.5056020055779,20.370040283592378,13
3.105,-75.3313922236566,20.544243714118068,13
3.106,-76.54090973244229,19.33472016374533,13
3.107,-76.15141300094328,19.724211163468205,13
3.108,-75.8795653015988,19.996053440849654,13
3.109,-77.54909730049997,18.3265163298007,12
3.11,-78.56381982757289,17.311789000397198,12
3.111,-78.8080400903534,17.067564245105174,12
3.112,-79.05801796863243,16.817582184135453,11
3.113,-80.0544144105751,15.821181869324516,11
3.114,-79.68243042288123,16.193162293974066,11
3.115,-79.44046854089233,16.435120922743952,11
3.116,-79.5796660238723,16.29592049637153,11
3.117,-80.18106190956297,15.694521977116143,11
3.118,-79.2585281487119,16.61705341423125,11
3.119,-77.86914056214714,18.00643898688967,12
3.12,-78.31493808225915,17.560639762701758,12
3.121,-78.85064685678327,17.024929593932804,12
3.122,-78.4481262699516,17.427449096351275,12
3.123,-78.76874489375292,17.10682969796879,12
3.124,-78.89551150188464,16.98006262508825,11
3.125,-78.28696068115936,17.58861329089725,12
3.126,-79.9065252178292,15.969048909143694,11
3.1270000000000002,-78.77790156022716,17.09767303149455,12
3.128,-78.73110569130658,17.144469674996298,12
3.129,-79.08962603957369,16.78595041114239,11
3.13,-79.16660127211055,16.70897657285035,11
3.1310000000000002,-79.19832720285079,16.677252346186016,11
3.132,-80.638042967412,15.23753859553115,11
3.133,-79.33802913984442,16.537554746834697,11
3.134,-79.29967039653229,16.575916123711536,11
3.1350000000000002,-78.92959742200195,16.945992041634327,11
3.136,-78.15220239967854,17.723390317176747,12
3.137,-79.04725427548156,16.828342004418055,11
3.138,-78.66432599210775,17.21127416066013,12
3.1390000000000002,-78.91383865619075,16.96176567926783,11
3.14,-78.22739544526692,17.648213382703158,12
3.141,-80.0424556906541,15.83315793964658,11
3.142,-80.09906590178969,15.77655284065878,11
3.1430000000000002,-80.57311999561927,15.302504168792211,11
3.144,-80.16820880606282,15.707421090124793,11
3.145,-79.74887199014071,16.126763947633947,11
3.146,-80.32648556859417,15.549156720576104,11
3.1470000000000002,-80.88557498584119,14.990073964530772,10
3.148,-80.9228701983535,14.952785723023688,10
3.149,-81.61310963783217,14.262553564351048,10
3.15,-80.83065492482868,15.045015867958554,11
3.1510000000000002,-81.08755318285331,14.788125510333,10
3.152,-83.44545500285805,12.430231900519308,9
3.153,-83.60402955850141,12.271665864855798,9
3.154,-84.30902798901846,11.566676264104103,9
3.1550000000000002,-85.47955674717879,10.39615664549119,8
3.156,-86.27653003402932,9.59919280796663,8
3.157,-85.92236409594386,9.9533685051529,8
3.158,-84.56922225934937,11.306520410619306,9
3.1590000000000003,-84.11548504694,11.760268001667768,9
3.16,-84.44553308873054,11.430230648279469,9
3.161,-83.87965659361927,11.996118141551994,9
3.162,-84.09814823762463,11.777637805462655,9
3.1630000000000003,-84.50455777690411,11.371239883849547,9
3.164,-85.27786229954216,10.597947288623732,8
3.165,-86.51790406193099,9.357917763388386,8
3.166,-86.57655318771081,9.299281184498534,8
3.1670000000000003,-86.17794775020135,9.697899478629582,8
3.168,-86.00788494338086,9.867975451798312,8
3.169,-86.11100115706556,9.76487271418341,8
3.17,-86.65137300211575,9.224514654919307,8
3.1710000000000003,-85.87859568412749,9.99730606840463,8
3.172,-86.73872405677402,9.137192100960682,8
3.173,-85.82452857515119,10.051402297486021,8
3.174,-86.42653638490005,9.449409512333864,8
3.1750000000000003,-86.79754339854624,9.078417832972793,8
3.176,-87.74858514856193,8.127391726924653,7
3.177,-87.85955378046171,8.016439048668804,7
3.178,-86.73881669325648,9.137192399188175,8
3.1790000000000003,-86.04599860476027,9.830027060662433,8
3.18,-84.99682756018377,10.879214987874432,8
3.181,-84.36988172642559,11.506178013919033,9
3.182,-85.12088409651565,10.755193145759666,8
3.1830000000000003,-85.19990572995069,10.676189323892789,8
3.184,-85.65031243692201,10.225800738120201,8
3.185,-84.32813800518967,11.547993600674795,9
3.186,-85.16147344177767,10.714676904525477,8
3.1870000000000003,-84.22378268588669,11.652386710464263,9
3.188,-83.32502462206698,12.551164133933543,9
3.189,-81.68406912432928,14.192139300915033,10
3.19,-81.97182045891651,13.904407945158226,10
3.1910000000000003,-81.3157790801105,14.560469612373536,10
3.192,-79.38169394791667,16.494575342547673,11
3.193,-79.93690228805379,15.939387909953886,11
3.194,-81.23364067850086,14.642670736605059,10
3.1950000000000003,-82.76620243761221,13.110130504138677,10
3.196,-82.08209908124873,13.794255696685447,10
3.197,-83.58494978512643,12.291427138520932,9
3.198,-83.77205083001506,12.104348548866781,9
3.1990000000000003,-83.27916636824307,12.597255775385856,9
3.2,-83.01648954310464,12.859955674775136,9
3.201,-82.56531463427189,13.311153967353569,10
3.202,-82.30194414150088,13.574548153356027,10
3.203,-81.17124325172391,14.705273045841015,10
3.204,-81.94208466577813,13.934455943962094,10
3.205,-82.45393786012977,13.422627371243596,10
3.206,-83.02568308442228,12.850907078032535,9
3.207,-82.24239811319615,13.63421728977876,10
3.208,-81.43286858345103,14.44377236947284,10
3.209,-81.0300734526547,14.846593359637062,10
3.21,-80.03522801817763,15.841464962890983,11
3.211,-81.04489586601915,14.831823593225092,10
3.212,-79.64879598568646,16.22795026112191,11
3.213,-78.42909233762703,17.447681006123638,12
3.214,-77.91398845652085,17.962812293539734,12
3.215,-76.55027335722535,19.326555108502173,13
3.216,-78.10139282542947,17.775463665311268,12
3.217,-78.6497342592971,17.227150565792243,12
3.218,-79.3523055285971,16.524607940165286,11
3.219,-78.8160893184743,17.06085310327445,12
3.22,-79.77545528192637,16.101516402110832,11
3.221,-79.19398429608461,16.683016959531816,11
3.222,-78.12676402239303,17.750267114081907,12
3.223,-77.66466778913906,18.212393537462106,12
3.224,-77.56404062132954,18.313051204653878,12
3.225,-78.5257641605142,17.35135847409564,12
3.226,-79.33255324765821,16.54460050481031,11
3.227,-78.36440786837314,17.512777311174265,12
3.228,-77.82688850041464,18.050328415419635,12
3.229,-77.99225746854682,17.884991492770027,12
3.23,-78.46691839038766,17.41036292559507,12
3.231,-80.26057278119819,15.61674119862117,11
3.232,-81.18912972019463,14.68821723261944,10
3.233,-79.6012280731305,16.276152161823582,11
3.234,-80.73209582605098,15.145318000175516,11
3.235,-80.59610813195863,15.281339594659682,11
3.236,-79.78613439535705,16.091347540759337,11
3.237,-80.89081187958021,14.986704575127236,10
3.238,-80.75488193149926,15.122669350878855,11
3.239,-79.99881917350895,15.878767245605944,11
3.24,-80.04341114337792,15.834210721526249,11
3.241,-77.71199447216512,18.16566314756711,12
3.242,-79.24772938355983,16.629964300025357,11
3.243,-78.45473700413376,17.4229930523153,12
3.244,-78.71844879313538,17.1593179451744,12
3.245,-78.1867726585168,17.69103107063629,12
3.246,-77.95212360743311,17.925717421531594,12
3.247,-78.70438704014522,17.17349159758491,12
3.248,-78.62722496944603,17.250691585988786,12
3.249,-80.28947871488685,15.588476067177183,11
3.25,-79.83930582993722,16.03868748766581,11
3.251,-79.66167399378566,16.21635816825116,11
3.2520000000000002,-79.20879275142798,16.66927856392238,11
3.253,-78.42601006266247,17.452100714865995,12
3.254,-78.2495889013248,17.62856164723107,12
3.255,-78.26360643422183,17.614584194195338,12
3.2560000000000002,-79.13375090028876,16.744480116808028,11
3.257,-79.8294870435957,16.048784670983412,11
3.258,-78.91899170219455,16.959321018653814,11
3.259,-77.8381574533291,18.040196582559535,12
3.2600000000000002,-78.19388171623599,17.684513943447957,12
3.261,-78.29991708632456,17.578520505893593,12
3.262,-79.19308282602834,16.685397007446635,11
3.263,-78.32374532436978,17.55477705906833,12
3.2640000000000002,-77.9119132674171,17.9666519746739,12
3.265,-76.45638355151085,19.422224857906244,13
3.266,-77.40468904679757,18.473962838602077,12
3.267,-77.89980398405262,17.97889168596917,12
3.2680000000000002,-77.86909370736159,18.009646055905005,12
3.269,-77.49526752315168,18.38351664196527,12
3.27,-77.8542012468344,18.02462762872124,12
3.271,-78.7462149046761,17.13265898988929,12
3.2720000000000002,-78.14438874821658,17.734530473912123,12
3.273,-77.70073808821402,18.17822677001402,12
3.274,-78.63735912060896,17.24165168223678,12
3.275,-77.64811683732353,18.23094021864043,12
3.2760000000000002,-76.85331410851067,19.025789509054125,13
3.277,-76.95260130228908,18.92654918534114,12
3.278,-77.09422220248842,18.784975463653637,12
3.279,-76.83642244172347,19.042822711358557,13
3.2800000000000002,-77.76713226117461,18.112160687257138,12
3.281,-77.91984224944626,17.95949880272643,12
3.282,-79.88220970411253,15.997179760173681,11
3.283,-79.24804310833572,16.631395076417842,11
3.2840000000000003,-80.66751725637201,15.211969957183875,11
3.285,-79.4821732651311,16.397363285543044,11
3.286,-79.86987606385861,16.009710132230634,11
3.287,-80.14437911639142,15.735257033390548,11
3.2880000000000003,-80.7547302572073,15.124956154525657,11
3.289,-81.05898564112594,14.820751340796768,10
3.29,-79.93266260722477,15.947125253106906,11
3.291,-82.1008164448773,13.779022602062819,10
3.2920000000000003,-81.0521838175555,14.827706724172716,10
3.293,-80.82716034887096,15.052781995805072,11
3.294,-81.89685182157864,13.983142634184837,10
3.295,-82.81504009193553,13.065006783034844,10
3.2960000000000003,-81.40893302278252,14.471166579493888,10
3.297,-82.24032282462893,13.639829813032232,10
3.298,-83.2121219554525,12.668084025651591,9
3.299,-82.24089370565373,13.63936592693081,10
3.3000000000000003,-81.97360129315217,13.906712298929538,10
3.301,-82.77936815170617,13.100999707868546,10
3.302,-82.59356930542732,13.286853129615182,10
3.303,-83.44921096426259,12.431266354201394,9
3.3040000000000003,-82.50293362930333,13.37759888051452,10
3.305,-81.62813253192444,14.25245547715831,10
3.306,-81.2293732571389,14.65127055909827,10
3.307,-80.98904471589975,14.891655215359748,10
3.3080000000000003,-79.59526592628235,16.285490427845673,11
3.309,-79.72296308383186,16.157850000989,11
3.31,-80.82898387864827,15.051886244667783,11
3.311,-80.5349125143987,15.346014955192802,11
3.3120000000000003,-78.89240735660438,16.988577767020598,11
3.313,-79.89512546778649,15.9859176176077,11
3.314,-80.31525468198537,15.565846672891299,11
3.315,-80.07246812500821,15.808691807041626,11
3.3160000000000003,-80.2313654210436,15.649853395847407,11
3.317,-81.15680289077605,14.72447511860134,10
3.318,-80.29616841013816,15.585169099347896,11
3.319,-78.47433857331981,17.407058743874142,12
3.3200000000000003,-78.49249347962757,17.38896395285035,12
3.321,-79.4256920902191,16.45582576509558,11
3.322,-80.85868788096468,15.022890704716156,11
3.323,-80.73248876389258,15.149150859660265,11
3.3240000000000003,-79.90868262446313,15.97301834444398,11
3.325,-79.64149592127225,16.240266700447577,11
3.326,-79.7829738237927,16.09885075817446,11
3.327,-80.40766311088757,15.47422373873754,11
3.3280000000000003,-81.4263989667705,14.455550457899022,10
3.329,-80.80273318292583,15.079279124150382,11
3.33,-80.13911576808604,15.74295972873476,11
3.331,-81.54824090686242,14.333898087016426,10
3.332,-80.29420295712383,15.587999841101908,11
3.333,-79.9358804362716,15.946386473565166,11
3.334,-78.90618233687121,16.976148991815915,11
3.335,-80.19857169248314,15.683824362268698,11
3.336,-81.45978870695635,14.422672381049546,10
3.337,-81.65940775842722,14.223118669996829,10
3.338,-81.30984449813756,14.572747577843488,10
3.339,-79.89931090373715,15.983347126914325,11
3.34,-79.4527200660291,16.430004226380646,11
3.341,-79.81382134032025,16.068969520910002,11
3.342,-80.81302890555233,15.069828831534869,11
3.343,-79.89663281791331,15.986292102041364,11
3.344,-80.8428796290645,15.040112780742215,11
3.345,-79.59554658535633,16.287513621260814,11
3.346,-79.9896982042075,15.893430106152246,11
3.347,-78.80963222668359,17.07356449432455,12
3.348,-78.43573593057602,17.44752950795982,12
3.349,-78.75615607227368,17.12717839064255,12
3.35,-79.3825892973799,16.50081449674271,11
3.351,-79.8363458288122,16.04712760331592,11
3.352,-79.63306224164953,16.25048113525628,11
3.353,-79.7307591935737,16.152854434854895,11
3.354,-80.38335723758448,15.500326949084817,11
3.355,-80.65458224044778,15.229172811152791,11
3.356,-80.71268426186708,15.171141961327926,11
3.357,-82.60493121610365,13.278966485321408,10
3.358,-82.27097327837674,13.612996207886294,10
3.359,-83.14697273471133,12.737068842969839,9
3.36,-84.13312686855298,11.750987107098549,9
3.361,-85.52474742712417,10.359439253021952,8
3.362,-86.95012643169858,8.934133259438195,7
3.363,-87.95468396442585,7.929649044169369,7
3.364,-88.38229030978005,7.502116322713075,7
3.365,-86.57959078550068,9.304889777301272,8
3.366,-86.91152607177004,8.973028727723051,7
3.367,-86.64584322032056,9.238786122217263,8
3.368,-86.20637371787397,9.678330474033306,8
3.369,-86.00935071337928,9.875428634193243,8
3.37,-85.99442406326709,9.89043074623732,8
3.371,-86.91054037708082,8.97439020059295,7
3.372,-85.59016469915933,10.294841952891932,8
3.373,-84.02713636045648,11.857946672150986,9
3.374,-85.42969163419107,10.45546808512173,8
3.375,-86.2292260832903,9.656010628847293,8
3.376,-86.3786832702725,9.506630740779553,8
3.3770000000000002,-87.09241205315362,8.792979562872631,7
3.378,-86.55549932079798,9.329970206232195,8
3.379,-87.06729886465209,8.818248879381553,7
3.38,-85.15327818618181,10.7323480808246,8
3.3810000000000002,-84.12705590288294,11.758649193035136,9
3.382,-83.95600329129046,11.929780939447689,9
3.383,-83.11532117488953,12.770542496546453,9
3.384,-82.24345264250974,13.642490775471128,10
3.3850000000000002,-82.7959579503958,13.090065519946135,10
3.386,-83.53696969695815,12.349134131530032,9
3.387,-83.50538217279679,12.380802319591758,9
3.388,-82.82429912401417,13.061966337997635,10
3.3890000000000002,-82.77218354901812,13.1141631883085,10
3.39,-84.15007963123576,11.736348687065812,9
3.391,-84.82985208735793,11.056658117547109,9
3.392,-84.87711533500503,11.009477062100366,9
3.3930000000000002,-84.92470797933123,10.96196691553958,8
3.394,-83.26786978622403,12.61888791194534,9
3.395,-84.47115209447084,11.415688712498195,9
3.396,-84.05403353148233,11.832890689755311,9
3.3970000000000002,-82.83648914539452,13.050518795548449,10
3.398,-81.0178480165815,14.869243949471056,10
3.399,-81.49806332138243,14.389112975151491,10
3.4,-81.21489000601099,14.67237092634349,10
3.4010000000000002,-80.87871293974872,15.008632933732697,11
3.402,-80.86805319094613,15.019377928935816,11
3.403,-81.10340016833815,14.784116503184864,10
3.404,-80.88537429922523,15.002228229146361,11
3.4050000000000002,-83.145325011215,12.742363679179435,9
3.406,-82.64258550700693,13.24518965055129,10
3.407,-82.62305887284464,13.264803056984853,10
3.408,-82.89507165787454,12.992877349300144,9
3.4090000000000003,-81.269778321679,14.61825806788113,10
3.41,-81.97381834449291,13.914305732459088,10
3.411,-82.42442284967854,13.463789219637876,10
3.412,-80.86638110167799,15.02191926494132,11
3.4130000000000003,-81.71965685177271,14.168732117053825,10
3.414,-82.30513779283586,13.583340083067966,10
3.415,-82.53278941624512,13.355777671571701,10
3.416,-81.93069896744704,13.957957637083926,10
3.4170000000000003,-81.87986260829233,14.008883817719353,10
3.418,-83.07966061086272,12.809175941361467,9
3.419,-83.59986100423208,12.289065978901586,9
3.42,-84.16258821150655,11.726429507198585,9
3.4210000000000003,-84.26274284090147,11.626365918002016,9
3.422,-83.94133860861038,11.947861495083139,9
3.423,-83.63995036777533,12.249341385264572,9
3.424,-85.17618989144404,10.713193815463173,8
3.4250000000000003,-84.2900139596368,11.599462005623085,9
3.426,-84.1148492586087,11.774719269453522,9
3.427,-83.00613041888673,12.883530976391729,9
3.428,-82.72457176334103,13.165182803531614,10
3.4290000000000003,-81.90860164809749,13.981246394711327,10
3.43,-81.65397359243819,14.235968230612572,10
3.431,-80.67877370154275,15.211262206019496,11
3.432,-80.42862591703421,15.461504379272672,11
3.4330000000000003,-80.7050352791626,15.185189710085602,11
3.434,-78.99995389300359,16.890366093345964,11
3.435,-78.51434862775407,17.37606665982016,12
3.436,-78.3111783493702,17.579332543515193,12
3.4370000000000003,-79.65548586287505,16.235120939370997,11
3.438,-80.95680859201379,14.933894423605356,10
3.439,-80.8920664782209,14.998733054746555,10
3.44,-80.95312937621006,14.937766978043626,10
3.4410000000000003,-81.64429272298507,14.24670075645534,10
3.442,-81.68065032332282,14.210440585167232,10
3.443,-80.51246203712803,15.378726604236942,11
3.444,-80.13463261756053,15.756654060466857,11
3.4450000000000003,-81.2999242875691,14.591460730870285,10
3.446,-81.56325126662925,14.328232395933714,10
3.447,-82.39354501075789,13.498037599602092,10
3.448,-82.84442148364604,13.04726037814615,10
3.4490000000000003,-83.29961832766698,12.59216308915426,9
3.45,-83.79065919435688,12.10122208105174,9
3.451,-84.90944063751836,10.982540799997388,8
3.452,-85.04663322943955,10.845448673664368,8
3.4530000000000003,-85.53919474588739,10.352987926246897,8
3.454,-87.98284166875784,7.909442075810058,7
3.455,-86.18604299001578,9.70634213034993,8
3.456,-85.2637721537445,10.628714645744047,8
3.457,-85.59758180865042,10.295006973246636,8
3.458,-85.59024932636767,10.302441741184222,8
3.459,-86.57403787734374,9.318755779069727,8
3.46,-85.13469552029464,10.758201028147525,8
3.461,-83.58610062985761,12.30689911374062,9
3.462,-83.54777105287405,12.345332188967701,9
3.463,-82.79089243630617,13.102314606826601,10
3.464,-82.7705092531619,13.122801894269227,10
3.465,-84.00916731024319,11.884248244453454,9
3.466,-84.42990777638971,11.463612488499217,9
3.467,-84.38242131825338,11.511203959714194,9
3.468,-84.82536096280751,11.068369631084447,9
3.469,-85.0552065204188,10.83862969220258,8
3.47,-85.17082978482328,10.723112349291789,8
3.471,-85.27387712911946,10.62017122921262,8
3.472,-85.26288098481388,10.631273900417497,8
3.473,-86.17860710226944,9.715654612502334,8
3.474,-86.7727651968343,9.12160365007772,8
3.475,-87.81595802121345,8.078518260397287,7
3.476,-86.9367540583374,8.957829960488985,7
3.477,-88.6577975542164,7.2368945043009685,7
3.478,-87.6003355744479,8.294464826194046,7
3.479,-86.39240072054159,9.502508324616656,8
3.48,-86.63780218014115,9.25721581188317,8
3.481,-88.78771498911581,7.107412252082236,7
3.482,-88.98807002835227,6.907166764284986,6
3.483,-88.93410910453541,6.961237541764207,6
3.484,-89.67016298555185,6.225293816590853,6
3.485,-89.96560010874202,5.9299671513819385,6
3.486,-88.54899926461682,7.346678755583894,7
3.487,-87.9094350843273,7.986353998002901,7
3.488,-88.61810744444398,7.277793002025521,7
3.489,-89.8589394359473,6.0370726766283,6
3.49,-89.99428551345318,5.901838567152218,6
3.491,-90.03057181625812,5.8656645342575136,6
3.492,-89.47603308098338,6.42031584127955,6
3.493,-89.80230276143246,6.094159034371387,6
3.494,-89.24575686455316,6.650818106541596,6
3.495,-87.52831999771111,8.368368450380876,7
3.496,-86.81150365960059,9.085298567151083,8
3.497,-86.84233416813292,9.054582138896995,8
3.498,-86.98504421333166,8.911986475550982,7
3.499,-87.26714319984218,8.630002172423493,7
3.5,-86.24693091405902,9.65032944307572,8
3.501,-86.73140277587186,9.165972867573597,8
3.5020000000000002,-86.6360178099391,9.261473421214145,8
3.503,-86.53830400421933,9.359303115994239,8
3.504,-86.90320238034332,8.994520930238277,7
3.505,-87.97642027459345,7.921419527619065,7
3.5060000000000002,-87.5955815724252,8.302375022636133,7
3.507,-87.54814873691834,8.34992495216461,7
3.508,-87.03472060577806,8.863470478454103,7
3.509,-87.40045382810118,8.497854952362463,7
3.5100000000000002,-86.29140070464697,9.607026073085,8
3.511,-86.969988367281,8.928556708710563,7
3.512,-85.46738505677274,10.43127861842406,8
3.513,-86.90091518055266,8.9978673947492,7
3.5140000000000002,-86.46104538978385,9.437856386476977,8
3.515,-86.0038446927986,9.895176585229141,8
3.516,-86.62081004946523,9.27833103109118,8
3.517,-86.1974549395234,9.701806244277241,8
3.5180000000000002,-85.07879566677002,10.820585920944044,8
3.519,-86.91143091512338,8.988071377126799,7
3.52,-86.4080199804128,9.491603316949625,8
3.521,-88.41522395587886,7.484520647125227,7
3.5220000000000002,-89.07066991735522,6.829196291773111,6
3.523,-87.54090289741353,8.359085218274734,7
3.524,-87.90993911488978,7.990171207746993,7
3.525,-88.7555561308458,7.144676699080957,7
3.5260000000000002,-88.75467545887244,7.145680178638486,7
3.527,-86.86844830756102,9.032030437780827,8
3.528,-88.29961659373961,7.600985559632447,7
3.529,-89.02352048696989,6.877205374584017,6
3.5300000000000002,-87.59783669360473,8.30301317623493,7
3.531,-85.92853899802971,9.972435180151777,8
3.532,-85.95591275923084,9.945186027300556,8
3.533,-86.92558004956115,8.97564364528016,7
3.5340000000000003,-85.08206307774769,10.819285825315356,8
3.535,-83.72825174466807,12.1732226664802,9
3.536,-83.18893339177151,12.71266682727707,9
3.537,-83.91042708017459,11.991299246540848,9
3.5380000000000003,-83.96722327819391,11.934629455906249,9
3.539,-84.11333937041508,11.78864007073894,9
3.54,-83.84411856660337,12.057987881224717,9
3.541,-82.65313825683741,13.249095497235995,10
3.5420000000000003,-81.98416083632546,13.918200523515376,10
3.543,-82.96828389436551,12.934205370715642,9
3.544,-81.871371555497,14.031245914248036,10
3.545,-81.70168913329088,14.201056840492141,10
3.5460000000000003,-81.22686013192522,14.676014645220317,10
3.547,-80.12183684534267,15.781167034440228,11
3.548,-81.20408983680207,14.699043444843253,10
3.549,-81.34748088363033,14.55578209905255,10
3.5500000000000003,-81.896369601204,14.007023381641535,10
3.551,-83.28426283312358,12.6192604489596,9
3.552,-83.02350308573277,12.880150794612735,9
3.553,-80.97190428865622,14.931880488925994,10
3.5540000000000003,-82.62036772065152,13.283548253091272,10
3.555,-82.6985628199137,13.205484648862928,10
3.556,-82.21317616203963,13.691003100593393,10
3.557,-82.17662787808982,13.727683477171341,10
3.5580000000000003,-82.33706733829342,13.567376408316656,10
3.559,-83.47656421531852,12.428012221310231,9
3.56,-83.29552976989986,12.609179655366159,9
3.561,-83.94377471927072,11.961067993199846,9
3.5620000000000003,-85.75704641582558,10.14792988236545,8
3.563,-84.68225549798798,11.222854684387894,9
3.564,-83.84600736793868,12.059236997034837,9
3.565,-83.7963838311145,12.108995014817683,9
3.5660000000000003,-83.60032813297616,12.305185492223888,9
3.567,-82.70831837171843,13.197330331006707,10
3.568,-82.55798420851895,13.347799869936454,10
3.569,-81.84756347951374,14.058356272824868,10
3.5700000000000003,-82.16389660098642,13.74215912333607,10
3.571,-81.12825026790215,14.777941726452454,10
3.572,-80.95748281182267,14.948845750559771,10
3.573,-80.89809366589844,15.00837176245491,11
3.5740000000000003,-82.05782865015706,13.8487739420575,10
3.575,-81.8754818674521,14.031258186461134,10
3.576,-82.63010683684698,13.276770976549365,10
3.577,-83.19265280873205,12.714363061878768,9
3.5780000000000003,-83.8791440710491,12.028010154454334,9
3.579,-84.74597261533505,11.161320262685841,9
3.58,-82.9235899570282,12.983841871081532,9
3.581,-81.8331241191136,14.074446956602793,10
3.5820000000000003,-80.29561437258738,15.61209624819986,11
3.583,-81.43280986519979,14.475040598068698,10
3.584,-81.44746743887308,14.46052316423317,10
3.585,-82.59570647382644,13.312424566420056,10
3.586,-83.20006327508953,12.708208499545597,9
3.587,-83.96443235932742,11.943980446890484,9
3.588,-82.90303228935723,13.005521845583266,10
3.589,-83.24368455642532,12.66501120432314,9
3.59,-82.35192412063074,13.55691356295645,10
3.591,-81.88114406241057,14.027835840991479,10
3.592,-80.01506001581767,15.894062404320534,11
3.593,-81.36895145564301,14.540313778097747,10
3.594,-80.39036899213748,15.519039352017225,11
3.595,-79.5439665737705,16.36558517755439,11
3.596,-80.4935531383414,15.416142316854696,11
3.597,-79.75735735641479,16.15248209929814,11
3.598,-79.60786616214315,16.30211759067678,11
3.599,-79.93232577811563,15.977802568345902,11
3.6,-80.73909056464684,15.17118267193518,11
3.601,-81.42566599687177,14.484752426253824,10
3.602,-79.78133675791216,16.129227148124166,11
3.603,-79.90615029104066,16.00455939421751,11
3.604,-79.3753683720597,16.535487388675293,11
3.605,-80.17325800422506,15.737744128185485,11
3.606,-80.9293199116396,14.981828888588831,10
3.607,-80.10606770055848,15.805228063573695,11
3.608,-81.33717175716698,14.574271266898194,10
3.609,-81.74127769722054,14.170312882750205,10
3.61,-81.75490739242578,14.156831039366242,10
3.611,-81.7029609406656,14.208925638806509,10
3.612,-81.89394530943495,14.018089713518997,10
3.613,-81.59847646560728,14.31370729657309,10
3.614,-81.06710514596548,14.84522765112863,10
3.615,-80.52154628516763,15.39093584247013,11
3.616,-81.42787810047722,14.484753653276668,10
3.617,-81.71375942662903,14.199022248755814,10
3.618,-80.75761556921397,15.155316323258921,11
3.619,-80.08861821574816,15.824464189212051,11
3.62,-81.33141469039914,14.581818522389723,10
3.621,-81.0898205814199,14.823563734480903,10
3.622,-82.7946563007961,13.118879413441748,10
3.623,-82.74645631298176,13.167231094759973,10
3.624,-81.16032059797404,14.753518798380018,10
3.625,-82.00348610665671,13.910505573359595,10
3.626,-82.71781702532424,13.196327233345633,10
3.6270000000000002,-82.0736881814164,13.84060895083963,10
3.628,-83.37308676725327,12.541363533462679,9
3.629,-83.86304124437486,12.051562519615809,9
3.63,-83.31051981270595,12.604237709315163,9
3.6310000000000002,-83.80295622795552,12.111955346792602,9
3.632,-83.94380369260976,11.971262229502656,9
3.633,-83.26325665923324,12.651963904821343,9
3.634,-82.87761004726137,13.037765453253742,10
3.6350000000000002,-82.63543117320846,13.28009955822594,10
3.636,-82.90622393613975,13.009462320612954,10
3.637,-82.5757833736827,13.340058702727497,10
3.638,-82.66858672188525,13.247411468461634,10
3.6390000000000002,-82.27343492281241,13.642719675690314,10
3.64,-82.68745335996263,13.228857940854915,10
3.641,-82.8228632314836,13.093605065747447,10
3.642,-83.62368778153129,12.292937806151514,9
3.6430000000000002,-83.59770946997469,12.319073702137677,9
3.644,-84.21749775109949,11.699443299359585,9
3.645,-85.06391005162621,10.853189171035956,8
3.646,-84.73428727846698,11.182970410193851,9
3.6470000000000002,-84.4554398562394,11.461976592154743,9
3.648,-83.7130130194173,12.20456248238364,9
3.649,-84.00928116447415,11.908453684346,9
3.65,-83.59522691651375,12.322667572876648,9
3.6510000000000002,-83.07843704743124,12.839617376019078,9
3.652,-82.66990561781986,13.248309033118549,10
3.653,-83.33365135810988,12.584723813683148,9
3.654,-83.1594197107845,12.759116275167944,9
3.6550000000000002,-82.81296675824512,13.105730335109701,10
3.656,-82.77665573873719,13.142202755201014,10
3.657,-84.4823606924585,11.436659495182017,9
3.658,-84.25063604624654,11.668546128153048,9
3.6590000000000003,-82.32108669683743,13.598257757315693,10
3.66,-82.60756740903862,13.311939617800117,10
3.661,-83.18809697439005,12.731572918003858,9
3.662,-82.82887460245516,13.090958448300862,10
3.6630000000000003,-82.5341696386822,13.385826863180121,10
3.664,-81.51857336913903,14.401586876510974,10
3.665,-82.58103127286176,13.339293009194348,10
3.666,-81.9461354680319,13.974353142985674,10
3.6670000000000003,-81.45331405604361,14.467339176427592,10
3.668,-81.58888413168161,14.331934014672141,10
3.669,-81.3186176686561,14.602365683945687,10
3.67,-80.48416250579923,15.436986345352608,11
3.6710000000000003,-79.8132330586812,16.10808158325906,11
3.672,-80.84460874846629,15.07687197643708,11
3.673,-80.2015727040328,15.720074395944483,11
3.674,-80.31958984227781,15.602223924820278,11
3.6750000000000003,-80.31795996550667,15.604020760695063,11
3.676,-80.31560332857856,15.606544648645462,11
3.677,-80.49863803907182,15.423677481028886,11
3.678,-79.5578342056803,16.364649149087114,11
3.6790000000000003,-79.7148210024653,16.207830478694298,11
3.68,-80.7264342689634,15.196385630249296,11
3.681,-81.0932987873203,14.829689821541681,10
3.682,-80.96910376129503,14.954053848747593,10
3.6830000000000003,-79.97573179004928,15.947595112640416,11
3.684,-79.54228686094974,16.381209625788415,11
3.685,-80.33455145844604,15.589114903676801,11
3.686,-78.3205557216431,17.603280807135377,12
3.6870000000000003,-78.23317282310818,17.690834163531537,12
3.688,-77.30833767487321,18.61584006076784,12
3.689,-77.60681814348709,18.3175306322298,12
3.69,-77.32314475677495,18.60137535002659,12
3.6910000000000003,-76.79576190510872,19.12892982372047,13
3.692,-75.97403018730296,19.950833454430953,13
3.693,-75.3184308048097,20.606605040639966,13
3.694,-74.84256648203446,21.08264185787586,14
3.6950000000000003,-75.37263098700956,20.552750138040064,13
3.696,-76.09445953946755,19.831094661333665,13
3.697,-76.03485732857679,19.890870238521828,13
3.698,-75.47775862532768,20.448142598547598,13
3.6990000000000003,-75.90370473386695,20.022370437197527,13
3.7,-75.24110141801717,20.685147990582262,13
3.701,-74.28232706387404,21.644096872539194,14
3.702,-75.33150505312528,20.59509370131358,13
3.7030000000000003,-76.27222230404033,19.654551558568876,13
3.704,-76.5955862533477,19.33136300750931,13
3.705,-76.53299990659316,19.39412504252178,13
3.706,-77.1645215840851,18.762779343230456,12
3.7070000000000003,-76.20956110025796,19.717916095133315,13
3.708,-76.06420717315603,19.863446580118428,13
3.709,-76.24407650753733,19.68375409335996,13
3.71,-77.64324532016154,18.28476241803037,12
3.7110000000000003,-78.88612854866345,17.04205661642686,12
3.712,-78.750894052863,17.17746882866138,12
3.713,-80.62783924495983,15.300701642466096,11
3.714,-79.81361464549447,16.115104537232124,11
3.715,-80.00517939066901,15.923718376688969,11
3.716,-77.36008625160969,18.568990389641847,12
3.717,-75.59807837214146,20.331177432197126,13
3.718,-75.9763351848329,19.95310007171752,13
3.719,-76.27656651589942,19.653048481918717,13
3.72,-75.64797819260882,20.28181683546395,13
3.721,-74.45565715556195,21.47431819168329,14
3.722,-76.08922877375393,19.840927181512416,13
3.723,-77.78040345107826,18.149933400988566,12
3.724,-78.43521658449302,17.495301453084192,12
3.725,-78.06150050785146,17.86919900387657,12
3.726,-77.7737227401388,18.157158534310856,12
3.727,-77.0206052860472,18.910458039625123,12
3.728,-78.1845447135397,17.746700951786526,12
3.729,-80.22997901569146,15.701449277649937,11
3.73,-79.55347966289384,16.378131546753934,11
3.731,-80.30592603865769,15.625868375517516,11
3.732,-82.01774396912427,13.91423393772914,10
3.733,-81.86142312966003,14.070738557951989,10
3.734,-81.17196720231877,14.760378554061738,10
3.735,-81.27081874939233,14.661711363695993,10
3.736,-81.6445695963418,14.288145161322936,10
3.737,-81.75474507143791,14.178154618601027,10
3.738,-82.03577436696594,13.89731054317406,10
3.739,-83.11805199462364,12.815218423273274,9
3.74,-83.6299238459198,12.30353236731873,9
3.741,-83.09307598165205,12.840566314441546,9
3.742,-82.74330699618284,13.190521670207936,10
3.743,-82.53489516950486,13.399120154553747,10
3.744,-83.30178704001061,12.632415229014914,9
3.745,-83.36097279045225,12.573416710767587,9
3.746,-85.07696711053217,10.857609910037606,8
3.747,-84.76501615906781,11.169748667935654,9
3.748,-83.4253177885618,12.509635131887073,9
3.749,-84.55302739450576,11.38211390632816,9
3.75,-84.89660126765305,11.038728700433367,9
3.751,-84.4650939941559,11.470424927978103,9
3.7520000000000002,-83.28227414202853,12.65343402087574,9
3.753,-83.56104568051927,12.374852009805412,9
3.754,-84.03123551357871,11.904851990743907,9
3.755,-85.54396284946849,10.3923147553568,8
3.7560000000000002,-85.27238989010937,10.66407810165053,8
3.757,-83.39909780969555,12.537560855357883,9
3.758,-83.06795708641998,12.868892538212865,9
3.759,-82.99888708750613,12.938153782918837,9
3.7600000000000002,-82.64584158640164,13.291390815954855,10
3.761,-82.58363616756364,13.353788052790435,10
3.762,-83.19046099762475,12.747155326719417,9
3.763,-82.41187634776308,13.525932366490132,10
3.7640000000000002,-82.1609928561315,13.777008533875975,10
3.765,-82.09289435652073,13.845299995012425,10
3.766,-82.85295542763917,13.085432171117139,10
3.767,-81.68709875532645,14.251482376276465,10
3.7680000000000002,-81.09877519501718,14.839999754981658,10
3.769,-81.5462442961379,14.392724757731967,10
3.77,-80.68250636180461,15.256657081336986,11
3.771,-81.09990909667796,14.839449021061657,10
3.7720000000000002,-81.73681562415699,14.202737453432379,10
3.773,-82.32936061357816,13.610387709037985,10
3.774,-83.73894148849999,12.201002364245197,9
3.775,-83.22679265332046,12.713347014581169,9
3.7760000000000002,-84.64976480754343,11.290570960467036,9
3.777,-85.5142632138643,10.426268939132319,8
3.778,-87.04835463542474,8.892374187360124,7
3.779,-86.86621948781921,9.074706289480734,8
3.7800000000000002,-86.74447234337782,9.196650673088584,8
3.781,-86.77394491087938,9.167375629329365,8
3.782,-87.39725580301445,8.5442625454369,7
3.783,-88.10313358138522,7.838582859733235,7
3.7840000000000003,-87.41941258356374,8.522502234570538,7
3.785,-87.60675087528531,8.335362604137513,7
3.786,-87.06533029716435,8.876982127743721,7
3.787,-87.54453159981756,8.397980054696333,7
3.7880000000000003,-87.11747531060671,8.82523585755729,7
3.789,-85.7739220360608,10.168988929721227,8
3.79,-85.08016229666703,10.862948750624469,8
3.791,-85.24428074137704,10.699030671238816,8
3.7920000000000003,-84.84465431044936,11.098857751229076,9
3.793,-84.87473618281388,11.068976811588524,9
3.794,-84.69660707319926,11.247307137511651,9
3.795,-84.80263242160133,11.14148328892562,9
3.7960000000000003,-84.76998701544755,11.174330478325853,9
3.797,-84.42529272790968,11.519226832463392,9
3.798,-85.09656299930742,10.848158910941201,8
3.799,-85.75940563577781,10.185518907544873,8
3.8000000000000003,-86.70534687223302,9.239780587284663,8
3.801,-87.78922639509328,8.156104263662748,7
3.802,-88.51094685284254,7.434587288117447,7
3.803,-88.05856359570802,7.887174310343664,7
3.8040000000000003,-88.49905324610968,7.446888707843502,7
3.805,-87.75202750968344,8.194118774903021,7
3.806,-87.4328515845239,8.513499313349445,7
3.807,-88.79207180905523,7.154483984680363,7
3.8080000000000003,-87.91487956004241,8.031881412052412,7
3.809,-86.94289562708633,9.00407080578624,8
3.81,-87.51029914382525,8.436873032165014,7
3.811,-86.87875394085633,9.06862426051288,8
3.8120000000000003,-87.33390700822963,8.613677500701035,7
3.813,-86.97705566344611,8.97073543514959,7
3.814,-87.76700351087625,8.180994459409103,7
3.815,-88.9646704008883,6.983534723032202,6
3.8160000000000003,-88.94131471189651,7.00709784752545,7
3.817,-88.70314511426018,7.245475162450237,7
3.818,-88.70204340518369,7.246784870522794,7
3.819,-89.354652316066,6.594384240264624,6
3.8200000000000003,-89.32877333132764,6.620471787175578,6
3.821,-88.74713200921977,7.202321952924754,7
3.822,-88.44976387947983,7.499899207694941,7
3.823,-87.97490650108536,7.974965992428627,7
3.8240000000000003,-88.22782323022201,7.722258950860131,7
3.825,-86.93863480287773,9.011657346921377,8
3.826,-87.6533027623984,8.297199637186212,7
3.827,-86.95550945112069,8.99520347923764,7
3.8280000000000003,-85.70793324146945,10.242990500570384,8
3.829,-85.09294323604134,10.858191598507169,8
3.83,-85.07064143856128,10.880704769242458,8
3.831,-85.31988303175925,10.631674829965496,8
3.8320000000000003,-84.2579065055943,11.693863290636362,9
3.833,-85.28315781832066,10.668824192919873,8
3.834,-85.89053125506607,10.061663251607204,8
3.835,-85.99718433737462,9.955222945073082,8
3.8360000000000003,-84.73942551401771,11.213194824464805,9
3.837,-84.24515264160472,11.707681033091648,9
3.838,-84.89126264430045,11.061784646707306,9
3.839,-84.9642760005936,10.988985186741484,8
3.84,-85.28693504070961,10.666540322887029,8
3.841,-85.67581999908775,10.27786982062291,8
3.842,-84.64454507988306,11.309359475712167,9
3.843,-85.6091067069118,10.345012864256491,8
3.844,-84.05615330611059,11.89818156023723,9
3.845,-83.21418762352512,12.740362817526446,9
3.846,-82.18723469649201,13.767531598705174,10
3.847,-82.49328475781361,13.461697670888704,10
3.848,-82.5265425127155,13.4286563287689,10
3.849,-83.62536737402989,12.330048159430921,9
3.85,-83.92446632051139,12.031166184037447,9
3.851,-83.3644937841807,12.591355970484914,9
3.852,-82.15936870153084,13.796698582197429,10
3.853,-83.00077604192381,12.95550904972989,9
3.854,-83.1915046710823,12.764998507276522,9
3.855,-83.19621795275644,12.760503591003918,9
3.856,-84.2354448806547,11.72149530712029,9
3.857,-83.58030527618585,12.376853834133408,9
3.858,-84.0449953832991,11.912382928010505,9
3.859,-84.05125805502868,11.906339735633697,9
3.86,-84.27038847886827,11.687429069425574,9
3.861,-84.76109306187928,11.196944522240845,9
3.862,-84.58135444712597,11.376903450931282,9
3.863,-84.58201280093554,11.376465689085652,9
3.864,-84.71234557102771,11.246353788900068,9
3.865,-85.13378702979722,10.825133477895514,8
3.866,-84.66660253919645,11.292539394035225,9
3.867,-83.10840500598133,12.85095863047884,9
3.868,-82.87115404672791,13.088431570565692,10
3.869,-81.93109559168194,14.028712283965385,10
3.87,-83.01294343167321,12.947086979763334,9
3.871,-82.76394335332992,13.19630987124648,10
3.872,-83.5684668345788,12.392009480403097,9
3.873,-84.65622586070818,11.304473821859764,9
3.874,-85.08687592889224,10.874047398357142,8
3.875,-83.89397799652247,12.06716925241843,9
3.876,-82.9497224611376,13.011648986419537,10
3.8770000000000002,-82.63097575912597,13.330620163886607,10
3.878,-83.8014702502635,12.160350424958153,9
3.879,-83.8135183208699,12.148527383228728,9
3.88,-83.41072495479183,12.551546054765925,9
3.8810000000000002,-83.12873817683726,12.83375841467586,9
3.882,-84.53712918819446,11.425593261684273,9
3.883,-85.09602648052461,10.866922104043857,8
3.884,-84.94522276796766,11.017952227528484,9
3.8850000000000002,-84.30094693762095,11.662454744954516,9
3.886,-85.95456532851098,10.009063317209037,8
3.887,-85.85029038057223,10.113565504271078,8
3.888,-85.49617635006773,10.467907049791009,8
3.8890000000000002,-84.56841144834709,11.395899742332471,9
3.89,-83.80789824648714,12.156641010731859,9
3.891,-83.16930332685777,12.79546427253238,9
3.892,-83.7057642319159,12.259231985190084,9
3.8930000000000002,-85.14203996805786,10.823185142221547,8
3.894,-85.2607791036145,10.70467517520872,8
3.895,-84.21469888332857,11.750984839321506,9
3.896,-82.88439697374343,13.081516467929134,10
3.8970000000000002,-82.17501284262522,13.791130593177993,10
3.898,-81.72764934749779,14.238724357456574,10
3.899,-81.33929938792963,14.62730486110869,10
3.9,-81.74446971159345,14.222365356373832,10
3.9010000000000002,-81.77890025618893,14.18816590546436,10
3.902,-80.3155418276139,15.651755702394476,11
3.903,-81.08239928182562,14.88512989111878,10
3.904,-79.69162863827096,16.276132452102168,11
3.9050000000000002,-79.96697445150673,16.00101883069954,11
3.906,-78.86102922608465,17.107196522270755,12
3.907,-80.07131597612982,15.89714251260218,11
3.908,-79.57578955200293,16.392901951244525,11
3.9090000000000003,-80.1998446743355,15.769080117477547,11
3.91,-81.36298524006355,14.606173114276382,10
3.911,-81.12068514078643,14.848707049952788,10
3.912,-80.23010828359575,15.73951801732613,11
3.9130000000000003,-80.91712427677871,15.052736408020095,11
3.914,-82.1203992330392,13.849696109241574,10
3.915,-82.10510148719433,13.865228786084124,10
3.916,-82.08654517855916,13.884020299143282,10
3.9170000000000003,-81.539818980811,14.430981974652195,10
3.918,-80.68104950639369,15.289987200077448,11
3.919,-80.69554596056294,15.275726770073586,11
3.92,-79.1167686853335,16.854740342536058,11
3.9210000000000003,-78.95754425327434,17.01420134480596,12
3.922,-79.27906434894618,16.69291809223257,11
3.923,-80.63964579068694,15.332573766387847,11
3.924,-80.82382043410425,15.148636511573939,11
3.9250000000000003,-81.06174303142933,14.910951575469335,10
3.926,-80.21159040842018,15.761342132225582,11
3.927,-79.80924650932303,16.163924237505995,11
3.928,-80.78820387456017,15.185205350797633,11
3.9290000000000003,-80.60376358976299,15.369884386378397,11
3.93,-80.01129425368939,15.962592745399576,11
3.931,-78.7300418967167,17.244084397392946,12
3.932,-78.0325227438644,17.94184311724802,12
3.9330000000000003,-77.46804115607304,18.506564543933134,12
3.934,-77.50871437502991,18.466131435669784,12
3.935,-77.27460645232671,18.70047974077498,12
3.936,-76.33348094481269,19.64184590230807,13
3.9370000000000003,-77.57729643307117,18.398271339594213,12
3.938,-77.95339947091718,18.02240949872681,12
3.939,-78.66615147028743,17.30989896767742,12
3.94,-78.39240245584459,17.5838897216916,12
3.9410000000000003,-77.42164309480613,18.55489109345996,12
3.942,-78.00906475529953,17.967711714763045,12
3.943,-80.06417655094839,15.912842471885153,11
3.944,-80.3918723243668,15.585389522120021,11
3.9450000000000003,-79.60379178578225,16.373713155147854,11
3.946,-79.15960691326093,16.818141392810052,11
3.947,-78.82401748453682,17.15397445728019,12
3.948,-79.09060339690794,16.887632451167644,11
3.9490000000000003,-80.17716253612154,15.801317488632483,11
3.95,-79.72786848162565,16.2508559901339,11
3.951,-80.41870018676939,15.56026900222989,11
3.952,-78.57155611535448,17.40765806102575,12
3.9530000000000003,-78.14001258505887,17.839446848750484,12
3.954,-78.68287466261971,17.29683029857374,12
3.955,-79.2293993140904,16.750551444348872,11
3.956,-79.32273072962901,16.657466095824418,11
3.9570000000000003,-79.53402612282457,16.44641703931791,11
3.958,-78.60872476555421,17.37196500285864,12
3.959,-78.49401037698931,17.48692626718158,12
3.96,-79.14717293572204,16.834010853600773,11
3.9610000000000003,-77.59344792190161,18.38798328187319,12
3.962,-77.63282045266332,18.34885843476954,12
3.963,-77.07205704431338,18.90986979588959,12
3.964,-77.67874481681834,18.303430245172642,12
3.9650000000000003,-77.45319285027165,18.529230702431,12
3.966,-77.27973191106075,18.702940401182865,12
3.967,-78.94323432252217,17.0396870179973,12
3.968,-77.29258744464035,18.6905831927953,12
3.969,-76.31040775840786,19.673012444489665,13
3.97,-76.77098498635709,19.21268505045329,13
3.971,-77.79931773567229,18.18460240340709,12
3.972,-77.5806242903194,18.40354621929019,12
3.973,-77.58744168308,18.396979465226014,12
3.974,-77.37012607318195,18.614545981891574,12
3.975,-77.29778864634561,18.68713458347128,12
3.976,-76.96648624225381,19.01868843018701,13
3.977,-75.86564745695043,20.119778925899453,13
3.978,-75.53983239135022,20.445845969598395,13
3.979,-76.5722416693877,19.413688937253685,13
3.98,-75.55712009546897,20.42906302436352,13
3.981,-74.35119391642472,21.635241984001446,14
3.982,-71.93637825460193,24.050310693724562,15
3.983,-73.17363254294875,22.813309720488753,14
3.984,-73.22491127742363,22.762284568239476,14
3.985,-75.20747551255258,20.779974182354557,13
3.986,-74.91902788685536,21.068675924217935,14
3.987,-75.55785403981153,20.430104154253712,13
3.988,-74.11547366804332,21.872739175743163,14
3.989,-74.97438880846575,21.014078951674723,14
3.99,-76.55935220770299,19.429370735327556,13
3.991,-77.06789407831722,18.921084314042712,12
3.992,-78.80687191966518,17.182362188366632,12
3.993,-78.20862344594394,17.780866644005286,12
3.994,-79.97613959120127,16.013606746813846,11
3.995,-79.9317453572416,16.05825749489077,11
3.996,-81.64058121412342,14.34967841808032,10
3.997,-81.8193023437122,14.171214334419734,10
3.998,-80.3576643471445,15.633109642674953,11
3.999,-80.02107193460105,15.969959632567765,11
4.0,-80.7157997186069,15.275489691475537,11
4.001,-80.69041681298395,15.301130705478613,11
4.002,-80.62494769451664,15.366858197694773,11
4.003,-80.18386134425918,15.808203186971896,11
4.0040000000000004,-81.29001367037226,14.702309765051307,10
4.005,-80.72224617995546,15.27033642473532,11
4.006,-82.91885265722566,13.073989381708895,10
4.007,-83.30221715141268,12.690884586643909,9
4.008,-83.5523130446565,12.441048657301973,9
4.009,-82.85948793998072,13.134133990561097,10
4.01,-82.70207878169104,13.291803642016934,10
4.011,-83.73852026458202,12.25562291677633,9
4.0120000000000005,-84.38358181116668,11.61082239222748,9
4.013,-84.01830374461655,11.976361745099995,9
4.014,-83.89845257055283,12.09647446967373,9
4.015,-84.19908934559209,11.796099509233107,9
4.016,-84.40579485050444,11.589656082908848,9
4.017,-83.62524397722126,12.370469298670363,9
4.018,-83.88522626884834,12.110749613312535,9
4.019,-83.77737789322858,12.218860858893061,9
4.0200000000000005,-81.7958485228913,14.200653362783076,10
4.021,-82.88195708013886,13.114808202580647,10
4.022,-84.28052576381647,11.716503179340851,9
4.023,-83.43129864755109,12.565994219336938,9
4.024,-83.83190536794214,12.165651685869621,9
4.025,-83.91660264914594,12.08121885468255,9
4.026,-84.3827235825656,11.615362634272579,9
4.027,-84.39646441999602,11.60188677274463,9
4.0280000000000005,-82.8640539346662,13.134562496769451,10
4.029,-82.05509105783834,13.943790874984456,10
4.03,-81.22834802057062,14.77079967623104,10
4.031,-82.32932742190229,13.670086301369391,10
4.032,-83.16566447330266,12.834015538829583,9
4.033,-85.37210571602797,10.627840847254614,8
4.034,-85.80218201797588,10.198031358646023,8
4.035,-84.7461758142816,11.254304637767689,9
4.0360000000000005,-84.09796114122481,11.902786648238886,9
4.037,-84.08963526371508,11.911380125048982,9
4.038,-83.91581142988879,12.08547181996037,9
4.039,-84.30312852907834,11.698422843539369,9
4.04,-83.9316162973061,12.070203459662219,9
4.041,-83.10816395337534,12.893924449424173,9
4.042,-84.29822329385003,11.704134016159713,9
4.043,-83.84751561285049,12.155110865646826,9
4.0440000000000005,-82.88843548667589,13.114460421484576,10
4.045,-83.08820201911006,12.91496357978733,9
4.046,-82.3518915617734,13.651543988832708,10
4.047,-79.88685919809615,16.116846565088448,11
4.048,-79.9477780099193,16.056198226611407,11
4.049,-79.59224362237629,16.412003348165975,11
4.05,-80.19164181069237,15.812876154424565,11
4.051,-80.00238659466389,16.00240262548841,11
4.0520000000000005,-79.58850309786277,16.41655763768311,11
4.053,-79.41175420369947,16.5935783074956,11
4.054,-80.25195619723567,15.75364834976153,11
4.055,-80.038773467557,15.967103375292492,11
4.056,-78.78957821176942,17.21657118687965,12
4.057,-78.43309439074785,17.57332782354513,12
4.058,-77.66379701138618,18.342898278292004,12
4.059,-77.922230987418,18.084737637283528,12
4.0600000000000005,-77.34943035098598,18.65781186827379,12
4.061,-77.19077403393997,18.816742039309613,12
4.062,-78.06135339253618,17.94643679403139,12
4.063,-77.84126264720894,18.166801911901253,12
4.064,-78.71942767454013,17.288911516233732,12
4.065,-79.26390921583982,16.74470486561507,11
4.066,-79.10268656367806,16.906202667371407,11
4.067,-78.85801105686875,17.151153582585007,12
4.0680000000000005,-79.8591565348071,16.150283771756648,11
4.069,-78.95458558003902,17.055130652236382,12
4.07,-78.48686742627376,17.523124990210786,12
4.071,-79.09946577730132,16.91080308178565,11
4.072,-80.38002809828471,15.630517461693604,11
4.073,-80.45102580958076,15.559796709473394,11
4.074,-80.76937965714842,15.241720079061569,11
4.075,-80.60989612886577,15.401481082475437,11
4.0760000000000005,-80.85270373020929,15.158951214133797,11
4.077,-82.45311711520529,13.558815819905565,10
4.078,-82.64286797472583,13.369343208813813,10
4.079,-82.75607548851907,13.25641420100538,10
4.08,-82.0834718433552,13.92929660960504,10
4.081,-82.54522533046016,13.46782214328168,10
4.082,-81.01168784852932,15.00163890323469,11
4.083,-82.5251305523047,13.48847573461673,10
4.0840000000000005,-81.29771595676884,14.716170122339811,10
4.085,-81.39619145108998,14.617974677130182,10
4.086,-80.58917308324966,15.425273350900707,11
4.087,-80.4627681550947,15.551958841698891,11
4.088,-79.45994831929232,16.55505949675167,11
4.089,-79.76690899375967,16.24837989803605,11
4.09,-80.65293722873375,15.36263299520908,11
4.091,-79.40840549999861,16.6074463123806,11
4.0920000000000005,-79.4892004691438,16.526933187854965,11
4.093,-79.28798346996749,16.72843228772774,11
4.094,-78.2520655017931,17.764632612569184,12
4.095,-79.14247948432177,16.87450124257172,11
4.096,-78.64369999524355,17.373563599938823,12
4.097,-79.1505139194883,16.867032799634018,11
4.098,-79.25624663739335,16.76158346121329,11
4.099,-79.1875728296239,16.830540903904655,11
4.1,-80.42922279430537,15.58917482947582,11
4.101,-81.02113277745099,14.997548991806633,10
4.102,-79.81792883945913,16.20103733039166,11
4.103,-79.04930719996396,16.96994362548956,11
4.104,-79.1003484017942,16.919187334164437,11
4.105,-78.89491539926681,17.124905501991982,12
4.106,-79.14443373101584,16.875672590230767,11
4.107,-78.01095204907422,18.00943994674036,12
4.108,-78.21744289253,17.803235032325123,12
4.109,-78.05609819821468,17.96486591004589,12
4.11,-77.14079407621318,18.880456469709983,12
4.111,-77.86149729026775,18.160039947467304,12
4.112,-76.6104124025838,19.411411781004492,13
4.113,-77.97831444506586,18.043796938309015,12
4.114,-76.66332969531706,19.3590691416696,13
4.115,-77.06596826861477,18.956718275700702,12
4.116,-77.34425747908637,18.678717026166623,12
4.117,-78.98120733053929,17.042055389151553,12
4.118,-79.35896741837354,16.664583769147015,11
4.119,-80.20797532488626,15.81586458374733,11
4.12,-80.66347631019204,15.36065257272924,11
4.121,-80.70946328453209,15.314954825742795,11
4.122,-79.84274531636842,16.181962274217177,11
4.123,-79.63441922219386,16.39057810155064,11
4.124,-79.35105125637273,16.67423605326986,11
4.125,-80.24579834555563,15.779779202615147,11
4.126,-80.9260000814806,15.099867957739297,11
4.127,-79.35052260502154,16.675636177659115,11
4.128,-79.94518716458049,16.08126261386326,11
4.1290000000000004,-78.52715992417112,17.499581102228564,12
4.13,-78.74518098498685,17.281851541452124,12
4.131,-78.75029167984238,17.277032598609598,12
4.132,-77.86680785009897,18.16080843223004,12
4.133,-76.85091725644111,19.176991281519147,13
4.134,-77.02540212087628,19.002798924359578,13
4.135,-77.42347441739673,18.60501938664911,12
4.136,-77.52910523367862,18.49968158060154,12
4.1370000000000005,-77.30280132355475,18.726278752273927,12
4.138,-76.6252225047125,19.404151083868634,13
4.139,-76.71230796276959,19.317359389657653,13
4.14,-76.28459588434106,19.745365482915535,13
4.141,-75.02602257948237,21.004233053476323,14
4.142,-74.86303466712631,21.167515482296658,14
4.143,-74.76434367071457,21.26650124582419,14
4.144,-76.19179060076648,19.83934933342883,13
4.1450000000000005,-78.48660473537706,17.544830466904724,12
4.146,-78.17871395293993,17.853016767747317,12
4.147,-78.28482885052473,17.747197638775965,12
4.148,-78.73579604661592,17.29652646139513,12
4.149,-78.53794249358093,17.494676283126154,12
4.15,-78.60061122748662,17.43230406779093,12
4.151,-77.6724999712767,18.36071209233441,12
4.152,-77.6476400235683,18.38586905802798,12
4.1530000000000005,-78.31639524012704,17.71741110899451,12
4.154,-77.51364391595247,18.52045995012282,12
4.155,-77.74686975885953,18.287531873486287,12
4.156,-77.35216387842377,18.682535769397578,12
4.157,-77.80800265692864,18.226995255461325,12
4.158,-78.38884282307369,17.646453602866053,12
4.159,-78.33589074333256,17.699704445026057,12
4.16,-78.34423397088415,17.69166022865032,12
4.1610000000000005,-77.96372580135726,18.072467657997805,12
4.162,-78.22073558423853,17.815757383469574,12
4.163,-79.77106347777718,16.265729246704012,11
4.164,-80.09197176020285,15.945120969359008,11
4.165,-79.37982935015687,16.65756363268066,11
4.166,-79.60348602210502,16.434207462090548,11
4.167,-79.7756392551728,16.262354978350434,11
4.168,-78.91556293462327,17.12273229608444,12
4.1690000000000005,-79.50212804076472,16.536468434871377,11
4.17,-80.75601848855385,15.282879479641544,11
4.171,-80.81015511832118,15.22904458995136,11
4.172,-81.13104194945956,14.908459746294794,10
4.173,-81.83984598271708,14.199957947810526,10
4.174,-81.86244259776147,14.177663814717494,10
4.175,-81.32938799460396,14.711021146891055,10
4.176,-81.23397779923656,14.806734318225708,10
4.1770000000000005,-80.87921615126973,15.161799188997362,11
4.178,-79.28571372288224,16.75560508691364,11
4.179,-79.54902116961111,16.49260135632371,11
4.18,-79.28501811727892,16.75690837129118,11
4.181,-79.68638046028667,16.355850237301127,11
4.182,-80.35191702454973,15.690618128324168,11
4.183,-80.77325188936868,15.269587964945643,11
4.184,-81.08930684640755,14.953837955387318,10
4.1850000000000005,-80.69547322948564,15.34797676571566,11
4.186,-78.66264303575517,17.381112398664083,12
4.187,-79.26000308420993,16.784058035124353,11
4.188,-79.58431498592196,16.46005206390994,11
4.189,-79.60152296418873,16.443150261608768,11
4.19,-79.23624170434681,16.80873794276959,11
4.191,-78.99540198174084,17.049884331932983,12
4.192,-77.91533552695682,18.130257698398104,12
4.1930000000000005,-79.96405293876967,16.081847443275112,11
4.194,-81.8978535324928,14.148354251135542,10
4.195,-82.18150728976819,13.86500814022236,10
4.196,-81.12873876273044,14.918084558285752,10
4.197,-82.33250281265968,13.714628643930304,10
4.198,-84.68715496040713,11.360284876189485,9
4.199,-83.97124403642837,12.076504424492231,9
4.2,-83.55619448988261,12.491862839563856,9
4.2010000000000005,-84.26687144954762,11.78149499251095,9
4.202,-84.86192575745574,11.18675004118552,9
4.203,-85.41989118821041,10.62909421086832,8
4.204,-85.05700130557808,10.992293937677054,8
4.205,-85.32125933718916,10.728345993865421,8
4.206,-84.64306206865437,11.406853593706629,9
4.207,-86.77669440100394,9.273531836054378,8
4.208,-87.16343300015987,8.887104054870441,7
4.2090000000000005,-87.75842651150833,8.29242160465242,7
4.21,-87.60619510595728,8.444964314376014,7
4.211,-87.69417683778626,8.357294129645226,7
4.212,-86.667528968645,9.384253788693794,8
4.213,-87.8915721611387,8.160522628799958,7
4.214,-87.48240171817052,8.570005346943839,7
4.215,-86.66295320942568,9.389766373323488,8
4.216,-84.79642513407285,11.25660720865338,9
4.2170000000000005,-84.94908879751824,11.104256547410367,9
4.218,-84.42501938437046,11.628639204868827,9
4.219,-85.6917257302801,10.362246345261099,8
4.22,-87.39668588314645,8.657599920570688,7
4.221,-86.34155338032578,9.713046393324085,8
4.222,-86.03563439311482,10.019279592107218,8
4.223,-84.75709767427446,11.29813076404178,9
4.224,-85.65178651897862,10.403756613836348,8
4.225,-84.93601873768166,11.119839330918984,9
4.226,-83.12693993400006,12.929233311555526,9
4.227,-82.59519035098306,13.461298312579027,10
4.228,-82.20358543549915,13.85321888700311,10
4.229,-82.05039035055306,14.006729871705168,10
4.23,-83.21667077219541,12.840765590516588,9
4.231,-81.9024387696237,14.155313974121778,10
4.232,-82.27595650402385,13.782112861216675,10
4.233,-81.70683815125345,14.351548075825473,10
4.234,-82.87973134462621,13.178971984516117,10
4.235,-83.68656794512,12.372452726192362,9
4.236,-82.28665948386886,13.772678769601669,10
4.237,-82.42487487474827,13.634781200750005,10
4.238,-81.06000660769054,14.999967529586428,10
4.239,-81.02321971031061,15.037072728377252,11
4.24,-82.4544616053792,13.606149374232977,10
4.241,-81.55467098344535,14.506258776485687,10
4.242,-81.92315473919012,14.138094040335318,10
4.243,-81.20513282181432,14.856435216462067,10
4.244,-81.07576130469207,14.986126231372651,10
4.245,-82.25567405009114,13.806533222680095,10
4.246,-81.9683131871826,14.094214061094071,10
4.247,-80.0024947878921,16.06035267456954,11
4.248,-79.53161089285898,16.53155702234773,11
4.249,-79.537223853185,16.52626475320734,11
4.25,-78.60034635523161,17.463463180667326,12
4.251,-78.41987740828033,17.64425329532646,12
4.252,-78.24741928399857,17.81703282539759,12
4.253,-79.16378395712587,16.90098979602132,11
4.2540000000000004,-78.94104719194577,17.124048442794184,12
4.255,-78.06044250510602,18.004975248948416,12
4.256,-78.77130011521348,17.294439995757095,12
4.257,-77.57363736337707,18.492425341991105,12
4.258,-77.6846400120172,18.38174552510981,12
4.259,-78.4530769222936,17.613631683833148,12
4.26,-77.62267938503963,18.44435252720736,12
4.261,-77.89350643930344,18.173849016063805,12
4.2620000000000005,-77.28321302860574,18.78446620676121,12
4.263,-77.57144449868642,18.496558753439047,12
4.264,-77.65511463211121,18.413212873410878,12
4.265,-77.27507704811953,18.793574947316458,12
4.266,-77.07862911506984,18.99034760667647,12
4.267,-78.7913372626178,17.277964421714273,12
4.268,-79.70830649950068,16.361320383571567,11
4.269,-78.88307216220103,17.1868801556447,12
4.2700000000000005,-78.97350354512673,17.09677444340459,12
4.271,-79.38582580532709,16.68477808968065,11
4.272,-80.47577906562243,15.595150971531204,11
4.273,-81.29009446243664,14.781161952410935,10
4.274,-82.85512752364656,13.21645550432149,10
4.275,-82.76025844698577,13.311651429407718,10
4.276,-83.08248022514552,12.989756734856703,9
4.277,-83.6978242345583,12.374740044114175,9
4.2780000000000005,-83.54121803604619,12.531673796236248,9
4.279,-83.03138455413912,13.04183506657112,10
4.28,-81.10372543227223,14.96982221156163,10
4.281,-82.25109399201189,13.822781909519382,10
4.282,-81.13092787377568,14.943276519904662,10
4.283,-80.21033122489662,15.864201895262205,11
4.284,-80.78357395245797,15.291288128386487,11
4.285,-80.51680689525662,15.558384380358245,11
4.2860000000000005,-80.81015361242049,15.265367091927136,11
4.287,-80.55661267859016,15.519237688330008,11
4.288,-79.21245481503774,16.86372544817217,11
4.289,-78.67330457345632,17.403205819637865,12
4.29,-78.23623430799447,17.84060644845577,12
4.291,-78.59732173762006,17.47984961553515,12
4.292,-79.82013566208973,16.257366520996506,11
4.293,-79.93307492507716,16.144758321043135,11
4.2940000000000005,-78.86453297445907,17.213631567675247,12
4.295,-80.11205519810338,15.966440872901801,11
4.296,-80.91693274634439,15.16189508626525,11
4.297,-80.70701811370103,15.372141713123405,11
4.298,-81.42921824799576,14.650273805530409,10
4.299,-81.96259738917257,14.117227123418825,10
4.3,-82.16768258531734,13.912474618579274,10
4.301,-83.14781811491383,12.93267201240434,9
4.3020000000000005,-83.76301908832025,12.317804194412176,9
4.303,-82.95836904345876,13.122787626556853,10
4.304,-83.85798111892032,12.223509170123563,9
4.305,-84.96304553227075,11.118778607422627,9
4.306,-85.21887024445842,10.863287977381642,8
4.307,-84.33165401120084,11.750838524159047,9
4.308,-84.25225130306713,11.830575777061592,9
4.309,-84.39846462906488,11.684697226957477,9
4.3100000000000005,-84.11543067558826,11.968066187328233,9
4.311,-85.33222850241135,10.751603598275414,8
4.312,-84.6370205840766,11.447146985132143,9
4.313,-84.06200429053482,12.022498977823073,9
4.314,-84.16910131003132,11.915737887978306,9
4.315,-83.0948203606541,12.99035499738519,9
4.316,-83.83756286006523,12.247948888256895,9
4.317,-82.67479408153035,13.411054287202969,10
4.3180000000000005,-82.3678997573354,13.71828546181257,10
4.319,-82.48149509770712,13.605027201733987,10
4.32,-82.32703665818734,13.759822951300354,10
4.321,-82.2512810580846,13.835916091078005,10
4.322,-81.07438280028109,15.013152118059558,11
4.323,-81.85461765436035,14.233255262536195,10
4.324,-82.34222805075807,13.745983093946887,10
4.325,-81.31423787499692,14.774311726643523,10
4.3260000000000005,-81.68429108448187,14.404597203095658,10
4.327,-80.79522366554477,15.294003536845862,11
4.328,-79.27717983523753,16.81238651071658,11
4.329,-79.5671402753844,16.522765442757848,11
4.33,-78.94457030302381,17.145675015805438,12
4.331,-79.87282690172981,16.217758246159434,11
4.332,-79.17670819143919,16.914217013757064,11
4.333,-78.97009081038796,17.121174680236365,12
4.3340000000000005,-78.54404175159787,17.54756425244944,12
4.335,-79.0651460327691,17.026800712569962,12
4.336,-80.40977788738948,15.682509826983878,11
4.337,-79.90055855777804,16.192070353245803,11
4.338,-81.54604857684687,14.546921758317295,10
4.339,-81.67350721862606,14.419804768041775,10
4.34,-80.74908943617899,15.344564429229337,11
4.341,-80.48461912698919,15.609376844269834,11
4.3420000000000005,-78.76987342111892,17.324464882974336,12
4.343,-77.89134881913422,18.20333204465001,12
4.344,-78.44411649185689,17.65090715834826,12
4.345,-78.40810919578381,17.68725746744529,12
4.346,-78.435499238994,17.66021066373508,12
4.347,-79.73802354702762,16.358029821550442,11
4.348,-80.45457684702053,15.641820213628382,11
4.349,-80.82659982720233,15.270141151612094,11
4.3500000000000005,-82.41061782148654,13.686467301460802,10
4.351,-82.1982560716361,13.899173421284202,10
4.352,-82.24086769715174,13.85690639145414,10
4.353,-83.46570779162082,12.63241111825579,9
4.354,-82.9140300001384,13.184433956466513,10
4.355,-82.12508345257436,13.973725776088784,10
4.356,-81.77407256237431,14.325082163549293,10
4.357,-81.89526048935761,14.2042399589009,10
4.358,-81.25008840684404,14.849757988695949,10
4.359,-80.55674118752256,15.543451380117578,11
4.36,-80.20101943552393,15.899519528907007,11
4.361,-80.80078645272974,15.300099133054587,11
4.362,-80.46061549854477,15.640616933027381,11
4.363,-79.36973675626152,16.73184274540467,11
4.364,-79.81270318009358,16.28922361584457,11
4.365,-77.99693076674075,18.105343547518935,12
4.366,-78.43546204897905,17.667160007523307,12
4.367,-78.39222241938587,17.710747603151773,12
4.368,-78.93676638095732,17.16655183127967,12
4.369,-78.71444408711658,17.38922253835515,12
4.37,-80.13541416305371,15.968601099059438,11
4.371,-80.50462154932666,15.59974257270579,11
4.372,-81.31304181419888,14.79167139090187,10
4.373,-81.06818850537212,15.036874005817026,11
4.374,-80.11852180468624,15.986890235482377,11
4.375,-79.4964622853983,16.609299506511775,11
4.376,-81.40869732841861,14.69741443786577,10
4.377,-79.57372741582554,16.53273454733674,11
4.378,-79.26467739451283,16.84213498790171,11
4.3790000000000004,-79.85915529918935,16.248007724722378,11
4.38,-79.65327570647072,16.454238181053743,11
4.381,-79.43962748332797,16.66823748979524,11
4.382,-79.93546501626068,16.172751264317707,11
4.383,-79.69215778410829,16.416410025652073,11
4.384,-80.12821241699166,15.98070714354776,11
4.385,-80.37776205957263,15.731509473213112,11
4.386,-80.85162750889553,15.257996217473963,11
4.3870000000000005,-81.92710483446977,14.182871306690982,10
4.388,-81.64668649754037,14.463642279489097,10
4.389,-81.0118656018807,15.09881603196493,11
4.39,-80.46084585013665,15.650188861342409,11
4.391,-79.67803567812531,16.43335233167423,11
4.392,-79.3385272955859,16.77321423309091,11
4.393,-79.7252047437446,16.386890524235906,11
4.394,-78.95495177337553,17.15749745420468,12
4.3950000000000005,-80.0425871664588,16.070216240886612,11
4.396,-80.70664180430347,15.406516002842107,11
4.397,-81.39681528271088,14.716697144139182,10
4.398,-80.35917796348818,15.754689302839953,11
4.399,-79.47705025682659,16.637172068622476,11
4.4,-79.00884772875159,17.105729875330397,12
4.401,-78.07303447818248,18.04189862391352,12
4.402,-78.79717868827889,17.318110131081227,12
4.4030000000000005,-78.4710733792975,17.644571376445807,12
4.404,-78.55185981887942,17.564141092235,12
4.405,-77.8208783819264,18.29547890341588,12
4.406,-77.91909652669736,18.197617351598275,12
4.407,-78.23753994319077,17.879530746652392,12
4.408,-77.7731346347424,18.344293085111044,12
4.409,-77.04834417771885,19.069440790476204,13
4.41,-77.63685046362379,18.48129197111263,12
4.4110000000000005,-77.69664605773825,18.421854061607707,12
4.412,-78.58333234833052,17.535525673561466,12
4.413,-80.63162407790405,15.487592064338731,11
4.414,-80.35367873860577,15.76589574166075,11
4.415,-79.74702765065123,16.372905385180093,11
4.416,-79.45293179230592,16.66736001649934,11
4.417,-81.00969353007368,15.110957268982618,11
4.418,-81.1745068758215,14.946503130630862,10
4.4190000000000005,-82.88563454275611,13.235734888105217,10
4.42,-81.5442587882849,14.577470283866045,10
4.421,-82.29865409634917,13.823434833839785,10
4.422,-81.07551039155311,15.046938613289853,11
4.423,-80.15855859283513,15.964250703145431,11
4.424,-80.81369600132311,15.309473802146183,11
4.425,-81.63557689097807,14.48795363619849,10
4.426,-81.19100515537774,14.932886311592027,10
4.4270000000000005,-81.75760341220582,14.36664921051036,10
4.428,-81.51399919831037,14.610614795972703,10
4.429,-81.76674954092631,14.358226040611314,10
4.43,-83.08896385177675,13.03637353257015,10
4.431,-84.73179701735006,11.393902385227923,9
4.432,-84.2653402362363,11.860721399861514,9
4.433,-84.47291366340862,11.653510421364665,9
4.434,-84.66499287808418,11.461793870387066,9
4.4350000000000005,-83.81057972841103,12.316569898647456,9
4.436,-82.59302829293871,13.534484427462953,10
4.437,-82.6265477866306,13.50132824173685,10
4.438,-82.71517296137762,13.41306658944477,10
4.439,-82.10092311338403,14.02768017424897,10
4.44,-83.05548606828938,13.07348117037632,10
4.441,-82.65767784292068,13.471653560866205,10
4.442,-82.00225107619136,14.12744470667147,10
4.4430000000000005,-81.26615866073091,14.863901715028868,10
4.444,-82.73570786003167,13.394717322312243,10
4.445,-83.16883770818183,12.961952494299442,9
4.446,-83.68171754358028,12.449437892457711,9
4.447,-83.36048051814278,12.771040364737193,9
4.448,-82.73521436142279,13.396672181450331,10
4.449,-81.28990894488298,14.842343471000309,10
4.45,-81.55859363101362,14.574024870762653,10
4.4510000000000005,-81.81855102974873,14.314433770669009,10
4.452,-80.69807380125731,15.435277510416032,11
4.453,-80.33172239332032,15.80199564208835,11
4.454,-79.17230817331698,16.96177679817225,11
4.455,-78.8732193795168,17.261232740263623,12
4.456,-79.78834598472902,16.346473495418657,11
4.457,-80.81309566131279,15.322091391143504,11
4.458,-81.97832128100838,14.157233555563115,10
4.4590000000000005,-81.25593703040492,14.879985801953577,10
4.46,-80.12441333865951,16.011877701022897,11
4.461,-78.48849498891633,17.648164469491917,12
4.462,-77.75469384029047,18.38233424811059,12
4.463,-76.78419983593756,19.35319709358815,13
4.464,-77.30177905685548,18.8359869247916,12
4.465,-78.27785606871768,17.860279175912297,12
4.466,-77.54609329443134,18.59241142390777,12
4.4670000000000005,-77.20304752675219,18.935826875886956,12
4.468,-77.13157712772271,19.00766716967197,13
4.469,-76.83002492134787,19.309589481122373,13
4.47,-76.59376706547889,19.546217652251425,13
4.471,-75.56792891999184,20.572426323047445,13
4.472,-74.5736899336552,21.56703604460631,14
4.473,-74.24342897206996,21.897667951191302,14
4.474,-73.67542912201253,22.466038955890237,14
4.4750000000000005,-73.40588665179787,22.735952790252266,14
4.476,-73.95800686969154,22.184204145875945,14
4.477,-73.47519913504604,22.667383663272812,14
4.478,-74.80043149559692,21.3425232945712,14
4.479,-74.0363714174342,22.10695557354507,14
4.48,-75.172564293243,20.97113510737308,13
4.481,-75.03208898661475,21.111983032327565,14
4.482,-75.83761892488947,20.30682592093224,13
4.483,-75.4477203622046,20.697097518913253,13
4.484,-75.56169745924541,20.583493665448973,13
4.485,-76.96899521934432,19.176569357070438,13
4.486,-76.643754572176,19.50218366396646,13
4.487,-77.1618557807887,18.984456322952155,12
4.488,-76.44569247196496,19.700993707108314,13
4.489,-76.48971169916747,19.657348762835515,13
4.49,-76.20408658630882,19.943348366084365,13
4.491,-77.05492142556015,19.09288822454683,13
4.492,-77.5653441340308,18.58284042097668,12
4.493,-77.94651792764155,18.202041739316112,12
4.494,-77.21843129496061,18.930503690859876,12
4.495,-75.83683141803756,20.31247909342128,13
4.496,-76.5748995857377,19.57478665799784,13
4.497,-75.71816808804304,20.431894094470305,13
4.498,-77.59545167962976,18.5549866480252,12
4.499,-78.5862610926135,17.564553586409517,12
4.5,-79.34152143315423,16.80966980332584,11
4.501,-80.39386382727096,15.757704172617677,11
4.502,-81.59614098702096,14.555803982090215,10
4.503,-81.0897737914512,15.062548352558881,11
4.5040000000000004,-81.12500229112015,15.027697233327505,11
4.505,-80.66513238968197,15.487944720604201,11
4.506,-79.96482365538434,16.188631246003496,11
4.507,-79.6457051444741,16.50812775314066,11
4.508,-79.01309081746146,17.141120281367602,12
4.509,-79.01047542411844,17.1441140807743,12
4.51,-79.93713033047253,16.217837785195226,11
4.511,-78.95974076507616,17.19560616593982,12
4.5120000000000005,-79.39092881585094,16.76479713494833,11
4.513,-80.09287230960464,16.063232865274756,11
4.514,-80.13649279723433,16.01999180588372,11
4.515,-80.78938192039666,15.367482314980226,11
4.516,-81.00404374788435,15.153200323633161,11
4.517,-80.57670916347749,15.58091494792395,11
4.518,-80.16276109778399,15.99524325710615,11
4.519,-80.80157674055059,15.356808061294444,11
4.5200000000000005,-81.07362938091678,15.085136071210645,11
4.521,-80.03563034596341,16.123515959635228,11
4.522,-79.51963378713711,16.63989357498278,11
4.523,-77.71128075563355,18.448627865918777,12
4.524,-76.71937282194143,19.44091726181565,13
4.525,-75.79680248247364,20.36386926612153,13
4.526,-77.0168019799994,19.1442516359282,13
4.527,-76.39843182600443,19.763003859610848,13
4.5280000000000005,-76.48406650979011,19.677751447728948,13
4.529,-76.9801812153602,19.182019216139565,13
4.53,-76.85837652622304,19.304206581195107,13
4.531,-76.09496962132464,20.067996363810234,13
4.532,-75.73151704472306,20.431832019787496,13
4.533,-76.52952742193499,19.63420492347081,13
4.534,-75.9474716833524,20.216644144328665,13
4.535,-76.53623960370908,19.628259907487763,13
4.5360000000000005,-76.39088613879323,19.773997257020252,13
4.537,-76.68368066746285,19.481586813928473,13
4.538,-76.8943664345318,19.271285333258835,13
4.539,-76.27724602923821,19.88879022563342,13
4.54,-77.18694906916532,18.97947187332913,12
4.541,-75.57740459955974,20.589401230959467,13
4.542,-77.16423496750367,19.00295595130222,13
4.543,-77.6700303181753,18.49754588903923,12
4.5440000000000005,-77.35054447458714,18.817417221017845,12
4.545,-76.86564830178972,19.302699082047422,13
4.546,-76.96949887006227,19.199234401708512,13
4.547,-77.03322806201253,19.13589129725314,13
4.548,-76.70512053879968,19.46438510738178,13
4.549,-76.92358719749849,19.246304934879284,13
4.55,-75.7824125951684,20.3878662225458,13
4.551,-75.14732903400932,21.023336668040905,14
4.5520000000000005,-74.50967398763142,21.661378797613867,14
4.553,-75.4267305106043,20.744709556554483,13
4.554,-75.56951108755781,20.60231646009225,13
4.555,-75.89029834721443,20.281916879363973,13
4.556,-76.78452646663516,19.38807663716781,13
4.557,-76.5070465450037,19.66594463417926,13
4.558,-76.9871712978222,19.186208154755274,13
4.559,-76.45578726576282,19.71798065808272,13
4.5600000000000005,-77.38057084506177,18.793585747784384,12
4.561,-75.94863551350849,20.225909945929743,13
4.562,-76.74885102606831,19.426083497412346,13
4.563,-76.5891346536176,19.58618913121464,13
4.564,-75.9595206846331,20.216192558718635,13
4.565,-76.48804524018936,19.68805765870846,13
4.566,-75.8118031760479,20.364689575281282,13
4.567,-76.89362975171086,19.283253048793497,13
4.5680000000000005,-75.70221484219354,20.475058204088366,13
4.569,-75.75417279019268,20.423490698327612,13
4.57,-76.31167651893516,19.866377608142766,13
4.571,-76.59956396191436,19.5788809998988,13
4.572,-75.95427964330183,20.224556349282473,13
4.573,-76.49343832887985,19.68578889036975,13
4.574,-77.14803526586152,19.031583375805695,13
4.575,-77.33736746963015,18.842642790065177,12
4.5760000000000005,-78.31354952558466,17.866852547607323,12
4.577,-76.75775398983177,19.42304009218344,13
4.578,-77.24909466309731,18.93209162292566,12
4.579,-76.55803026660425,19.623548418468907,13
4.58,-76.41186959143427,19.770101687589364,13
4.581,-77.26438717055669,18.91797689717551,12
4.582,-77.26886300826223,18.91389404279436,12
4.583,-76.61608146570889,19.567068763145606,13
4.5840000000000005,-76.79783920656857,19.385704394414955,13
4.585,-75.82341213873892,20.360525028562364,13
4.586,-75.03053684742991,21.153794080235343,14
4.587,-74.35457186484938,21.830153017083546,14
4.588,-74.8519694426183,21.33314958734339,14
4.589,-75.8451031418405,20.340410229768402,13
4.59,-76.41063345671911,19.77527445001274,13
4.591,-76.27994050289526,19.906362132292543,13
4.5920000000000005,-75.86365571349616,20.323041843337762,13
4.593,-77.72371453792239,18.463378133604948,12
4.594,-77.71005832906634,18.477429650058806,12
4.595,-77.55860217907042,18.629281300413922,12
4.596,-77.7753596082882,18.412919564173727,12
4.597,-76.67865178123566,19.51002327667912,13
4.598,-76.34877672647896,19.840294409220817,13
4.599,-75.29314445127584,20.896322954397885,13
4.6000000000000005,-75.54879558680392,20.641068280889453,13
4.601,-74.83486667154264,21.35539385007276,14
4.602,-73.56923627761162,22.621421089684837,14
4.603,-72.62302927780736,23.568025126785788,15
4.604,-73.7136316275954,22.47782000576656,14
4.605,-74.0631954649635,22.128653588495926,14
4.606,-74.4747349355859,21.717511729156037,14
4.607,-74.17576380856009,22.016880658505787,14
4.6080000000000005,-73.72471365447568,22.468328805811865,14
4.609,-74.56001188263593,21.6334287616273,14
4.61,-74.60771343042438,21.586125588424757,14
4.611,-76.38961866005118,19.804618923850228,13
4.612,-75.22114607272863,20.97349026654753,13
4.613,-75.72454713673895,20.470488148090496,13
4.614,-75.73512725132147,20.460307169095767,13
4.615,-76.04913011886882,20.14670362702669,13
4.616,-75.13987253661568,21.056360724504444,14
4.617,-77.57966503925893,18.616967926688023,12
4.618,-77.57581690681427,18.621215953417472,12
4.619,-77.64618740251737,18.551245541312888,12
4.62,-78.00287369084035,18.1949595257578,12
4.621,-76.53234296708334,19.665890711307725,13
4.622,-77.29400745402644,18.90462687503812,12
4.623,-76.64531399969867,19.55372116877551,13
4.624,-76.36802217045768,19.831414026017704,13
4.625,-75.34885865398526,20.85097875893831,13
4.626,-75.97430064774692,20.225938169927208,13
4.627,-76.62930766524842,19.57133274533392,13
4.628,-75.73692026221569,20.464121929287806,13
4.6290000000000004,-75.43791821357048,20.7635259467223,13
4.63,-76.78927038061617,19.412575936189203,13
4.631,-77.2501397828417,18.952108878054663,12
4.632,-76.92262988146096,19.280021310959846,13
4.633,-76.23272052510357,19.97033338613013,13
4.634,-76.83185746262274,19.37159935456725,13
4.635,-79.26561060400982,16.938249306134743,11
4.636,-78.74320335481727,17.461059835135035,12
4.6370000000000005,-79.69154665698487,16.513119999483095,11
4.638,-81.26465696490654,14.940413344639774,10
4.639,-83.45248730678756,12.752986842254463,9
4.64,-82.52032901757313,13.68554915723661,10
4.641,-82.19530375949827,14.010978627205814,10
4.642,-82.17778433599375,14.028902448585804,10
4.643,-80.81804042761273,15.3890509406779,11
4.644,-80.13770054600127,16.069795591690532,11
4.6450000000000005,-78.67031747995027,17.53758361268713,12
4.646,-79.76389966125674,16.444406571725047,11
4.647,-79.68412246457054,16.524589094008707,11
4.648,-80.92318480937966,15.285932259904346,11
4.649,-80.95883037794054,15.250692387009702,11
4.65,-81.00892925688213,15.200999388549992,11
4.651,-80.32904644903049,15.881288261553186,11
4.652,-80.15945857319527,16.051282387063715,11
4.6530000000000005,-79.51599057432496,16.695156819987034,11
4.654,-78.83158898152283,17.379965031073823,12
4.655,-76.96735572758084,19.244605087386006,13
4.656,-77.23187660211175,18.980491199164664,12
4.657,-78.006071397696,18.206703573683118,12
4.658,-77.7619580988217,18.451224226307012,12
4.659,-78.39934025938106,17.814249602997812,12
4.66,-77.11148372524202,19.102513857741208,13
4.6610000000000005,-77.34299374713406,18.871411739661305,12
4.662,-77.79994648445305,18.414867089215765,12
4.663,-78.1601190208626,18.055102822594478,12
4.664,-77.51636135260902,18.699268943404537,12
4.665,-77.626881400812,18.58915753037969,12
4.666,-78.13530822883733,18.081139520007447,12
4.667,-76.70471369036379,19.512143058462325,13
4.668,-77.42819015916783,18.78907577182114,12
4.6690000000000005,-77.38102728223559,18.836648012950892,12
4.67,-76.82274409633497,19.395340744936856,13
4.671,-78.18581306703145,18.032681502066662,12
4.672,-77.73819490371484,18.480709574803512,12
4.673,-78.5852207987731,17.634093770612473,12
4.674,-77.83655668255997,18.383168158992717,12
4.675,-78.60253961932885,17.61759567554378,12
4.676,-77.96108658158604,18.259459347612196,12
4.6770000000000005,-77.00166863234972,19.2192881120326,13
4.678,-76.28376477945692,19.937602960820698,13
4.679,-76.10185911581658,20.11991980092028,13
4.68,-76.32847799389513,19.893712279717548,13
4.681,-76.83293323859687,19.389668572160847,13
4.682,-75.61439007776276,20.60862345026175,13
4.683,-76.24954655249132,19.973878872774293,13
4.684,-77.13992179107677,19.083915711256665,13
4.6850000000000005,-76.57878901873939,19.645460740341075,13
4.686,-77.25541860915332,18.969243586205696,12
4.687,-78.03288593163506,18.1921888793864,12
4.688,-79.18958904219211,17.035898563727937,12
4.689,-79.50098157268292,16.724919007224123,11
4.69,-79.4670012768888,16.75931245594579,11
4.691,-79.1633262628282,17.063400801726637,12
4.692,-78.28272503662562,17.944415538294276,12
4.6930000000000005,-77.79019151870727,18.437362745074523,12
4.694,-77.91417008072035,18.313798050272187,12
4.695,-78.03917584471343,18.189206331690638,12
4.696,-77.56999400397741,18.65880239589088,12
4.697,-76.48543511552549,19.74377568571157,13
4.698,-76.39740964240431,19.832215737957874,13
4.699,-76.80798883561161,19.42205130148383,13
4.7,-77.63759309813926,18.592861973149283,12
4.7010000000000005,-78.81008716695999,17.42078301583316,12
4.702,-78.179625734335,18.05165973712591,12
4.703,-77.6477060782538,18.58399485888957,12
4.704,-77.13747320571422,19.09464337397789,13
4.705,-77.23469429485341,18.997838104105156,12
4.706,-76.05088833577548,20.182060059018735,13
4.707,-76.48697972399056,19.746384843059875,13
4.708,-75.70849745733479,20.525283458243795,13
4.7090000000000005,-75.7876990553234,20.44649838490656,13
4.71,-76.33733258937266,19.897281551483164,13
4.711,-75.86619957776297,20.368831439544444,13
4.712,-75.56591200824214,20.669536061193728,13
4.713,-75.32133324539654,20.914532051695755,13
4.714,-75.31571319718161,20.9205695029462,13
4.715,-75.40932563102153,20.82737464737191,13
4.716,-73.4813548175068,22.755763214233365,14
4.7170000000000005,-72.63177669727455,23.60575926274436,15
4.718,-72.19982052511564,24.038133537964967,15
4.719,-72.29319103230664,23.945181308469436,15
4.72,-71.63812854221504,24.6006622507411,15
4.721,-71.41597143837944,24.82323798109214,15
4.722,-71.61158898201886,24.628039238154244,15
4.723,-72.07352994562278,24.16651724928858,15
4.724,-72.33173911146875,23.90872723206826,15
4.7250000000000005,-75.14883471782336,21.092050948077286,14
4.726,-75.04140796469076,21.199897197162016,14
4.727,-75.51955296662979,20.72217186461414,13
4.728,-74.24774635707925,21.99439831684529,14
4.729,-74.33513396419285,21.90743072555219,14
4.73,-75.42379015049443,20.81919472806133,13
4.731,-75.52151745728418,20.72188778292287,13
4.732,-76.44374068245693,19.800085092092253,13
4.7330000000000005,-76.06530548883914,20.178940992593258,13
4.734,-75.85365343704787,20.391013923659006,13
4.735,-75.09577154649696,21.149316865725822,14
4.736,-75.8223921893279,20.423117446502303,13
4.737,-75.83385805851525,20.41207297286396,13
4.738,-77.00824122517975,19.238111373540058,13
4.739,-76.41699290638697,19.82978143131502,13
4.74,-76.0011781380949,20.24601811008077,13
4.741,-75.62108805805633,20.626530271934417,13
4.742,-75.6670886583522,20.58095192464488,13
4.743,-75.36757082652846,20.880892180515968,13
4.744,-74.09067228880812,22.158213313174485,14
4.745,-74.43605923875765,21.813249128903657,14
4.746,-74.41515002720946,21.834581276720737,14
4.747,-75.41353844156906,20.836615969069868,13
4.748,-76.19072116467974,20.05985652295734,13
4.749,-76.13331808115868,20.117683053615515,13
4.75,-75.24140972041286,21.01001503148693,14
4.751,-75.51627781753683,20.735570721326496,13
4.752,-75.7631289694821,20.48914352603212,13
4.753,-76.14220134267404,20.110495279027813,13
4.7540000000000004,-76.61236566129571,19.64075525597987,13
4.755,-76.37361558262862,19.879929799456043,13
4.756,-77.63479115926967,18.619178856708707,12
4.757,-76.53501843105501,19.71937638775093,13
4.758,-77.09779346260076,19.15702632781576,13
4.759,-76.484239246741,19.77100568391823,13
4.76,-77.55165704241254,18.70401319697063,12
4.761,-76.96390900716383,19.292186709273572,13
4.7620000000000005,-76.39700560191635,19.859515759754558,13
4.763,-76.09198879204722,20.164958382885445,13
4.764,-76.94559238059179,19.311780775479786,13
4.765,-76.7304481076191,19.527351197317454,13
4.766,-77.71521589432517,18.54300972705126,12
4.767,-77.88685694458123,18.371795160658767,12
4.768,-76.98526187640819,19.27381687996781,13
4.769,-76.31317763753673,19.946327937096463,13
4.7700000000000005,-76.31782599845681,19.942106561403424,13
4.771,-77.14550713470827,19.1148525771975,13
4.772,-76.59244165303221,19.668345377586178,13
4.773,-76.58218737506483,19.679027140781816,13
4.774,-78.51801228483743,17.74362988260165,12
4.775,-77.79584038650405,18.46622959874008,12
4.776,-77.77348301491614,18.489014954194143,12
4.777,-76.73180118761054,19.531124931275347,13
4.7780000000000005,-77.64254950978098,18.620804924638353,12
4.779,-80.24776037914785,16.016022536411068,11
4.78,-79.87476852552773,16.389443036625202,11
4.781,-79.5062406286837,16.758399745365907,11
4.782,-80.80085189172306,15.464217459374082,11
4.783,-81.45134262791436,14.81415586522932,10
4.784,-78.97068780030642,17.295239999730956,12
4.785,-79.13464234515192,17.131714926474363,12
4.7860000000000005,-78.42992682673149,17.83686008102694,12
4.787,-78.902312443956,17.364904264325848,12
4.788,-80.5529698806458,15.714676792398688,11
4.789,-80.54077090043687,15.727305901457388,11
4.79,-80.60827805763905,15.660229037040024,11
4.791,-80.7846763905387,15.484261160708044,11
4.792,-80.71673501770833,15.552633153736783,11
4.793,-80.33632821403903,15.933470741082909,11
4.7940000000000005,-80.31567772651957,15.95455217560534,11
4.795,-81.22211811687778,15.048542895423992,11
4.796,-80.63672763363546,15.634364651864697,11
4.797,-82.10014889396906,14.171374827598608,10
4.798,-83.58894410119876,12.683011219153109,9
4.799,-82.69826914588658,13.574117935813756,10
4.8,-82.03622059234479,14.236598413115782,10
4.801,-81.86996538614676,14.403285705333245,10
4.8020000000000005,-82.82304783321443,13.450635506391624,10
4.803,-83.16616447410873,13.10795127557741,10
4.804,-83.125277859221,13.149270462346587,10
4.805,-84.19463532520037,12.080345729897324,9
4.806,-84.50855998162089,11.766853968502895,9
4.807,-83.65277159482466,12.623075411668378,9
4.808,-82.18665888198244,14.08962134207023,10
4.809,-82.31491699896489,13.961796603684961,10
4.8100000000000005,-81.46005149870605,14.817095643425649,10
4.811,-82.860206594981,13.417374247364297,10
4.812,-82.0640946929564,14.213920010181301,10
4.813,-82.51675979110028,13.761688933255616,10
4.814,-82.0270735171283,14.251809388718613,10
4.815,-82.0185422962772,14.260774951180426,10
4.816,-80.70616211485087,15.573589634184115,11
4.817,-81.2715026326093,15.008683777816525,11
4.8180000000000005,-80.56503075593179,15.715590475545199,11
4.819,-80.64113159116955,15.639924620865706,11
4.82,-80.61333030050034,15.668161051447068,11
4.821,-80.60782451606507,15.674102134995048,11
4.822,-81.15286098595419,15.129501123265909,11
4.823,-80.98447628918287,15.29832143709113,11
4.824,-80.86313957050513,15.420093931563294,11
4.825,-80.49387351920184,15.789795917248084,11
4.8260000000000005,-80.26966139264373,16.014444136621368,11
4.827,-79.46100161245828,16.823540167902106,11
4.828,-78.58024698223083,17.704731207351443,12
4.829,-79.37639814383344,16.909016612943763,11
4.83,-78.5444272137233,17.741424268068254,12
4.831,-79.45475387978054,16.831534484691154,11
4.832,-78.85314691497597,17.433578489687996,12
4.833,-78.24903075223345,18.038131849981177,12
4.8340000000000005,-79.7739079337491,16.51369202322083,11
4.835,-79.57091064286026,16.71712682591588,11
4.836,-79.84291196274424,16.445563174735135,11
4.837,-80.34537065530915,15.943542307616669,11
4.838,-79.07326484184281,17.21608610311878,12
4.839,-79.51900350130697,16.770785582125804,11
4.84,-80.07384346620597,16.21638391197941,11
4.841,-79.87288153466615,16.417784294399297,11
4.8420000000000005,-79.1726991895822,17.118405246336724,12
4.843,-79.18842035109428,17.1031228474975,12
4.844,-78.11567740896213,18.176304707967773,12
4.845,-77.61419947456373,18.67822171621542,12
4.846,-79.38575206738106,16.907108352604332,11
4.847,-79.71525305485879,16.578046749535616,11
4.848,-80.05844456932006,16.235294774531916,11
4.849,-79.52196572842156,16.77221330978226,11
4.8500000000000005,-81.58840303929017,14.706215848005492,10
4.851,-79.26945090344968,17.02560798752346,12
4.852,-78.72140901815648,17.574090030925433,12
4.853,-78.51304189047426,17.782897470993305,12
4.854,-77.4541475112593,18.842232316716363,12
4.855,-75.47113897344738,20.825681475004345,13
4.856,-74.79230585240383,21.504955370337477,14
4.857,-74.07565406666673,22.222048084023072,14
4.8580000000000005,-74.06798965629673,22.23015357584594,14
4.859,-74.28696376828702,22.01162069865831,14
4.86,-74.77511677297642,21.5239090819667,14
4.861,-75.53502684404934,20.76444055193205,13
4.862,-76.14881516826566,20.15109392163977,13
4.863,-77.2898216577396,19.010529278820925,13
4.864,-77.3250819472126,18.975710988579277,12
4.865,-78.69679861915532,17.604436468289396,12
4.866,-78.45381878001244,17.847858611351754,12
4.867,-78.40949606584532,17.892623781550125,12
4.868,-78.21449197967341,18.088070475710175,12
4.869,-78.58365473831864,17.719350476855055,12
4.87,-75.94499693694522,20.35845118966559,13
4.871,-74.83952695920975,21.464364230330148,14
4.872,-75.94432840588328,20.360005997922688,13
4.873,-75.7762433308324,20.52853443842158,13
4.874,-76.3141293931668,19.991091892562018,13
4.875,-77.16849002393943,19.137174929135938,13
4.876,-78.25940382107059,18.046704950067877,12
4.877,-77.83276028333098,18.47379245643197,12
4.878,-78.34923453817913,17.957762320614464,12
4.8790000000000004,-77.4734881901313,18.83395293794384,12
4.88,-76.61114452698125,19.696741020471077,13
4.881,-75.46712649572527,20.841203621044578,13
4.882,-76.22027454852751,20.08850028734482,13
4.883,-75.839065404211,20.470154300393443,13
4.884,-75.34242608527232,20.967238637538426,13
4.885,-75.78591517794506,20.524194712390763,13
4.886,-76.45911181889514,19.851443388129063,13
4.8870000000000005,-75.12500125133036,21.185999421390044,14
4.888,-74.99354208081498,21.317904206453893,14
4.889,-74.52760822838236,21.7842838221317,14
4.89,-75.29281868823925,21.019519274061146,14
4.891,-76.35771172752088,19.955072294951364,13
4.892,-76.83955397823884,19.473676252635133,13
4.893,-76.93165709039685,19.382019496953024,13
4.894,-77.80193200128319,18.512191090461073,12
4.8950000000000005,-77.76051631294055,18.55405343096083,12
4.896,-79.11673663307727,17.198279910588198,12
4.897,-79.94593001465991,16.369533476220813,11
4.898,-79.25251654897528,17.063394036416035,12
4.899,-78.6426247382627,17.67373308877868,12
4.9,-78.8851159143008,17.431689301374238,12
4.901,-79.63837735026925,16.678875400867103,11
4.902,-80.36949160349965,15.94820882976974,11
4.9030000000000005,-80.52733395096426,15.79081431095391,11
4.904,-79.83241431316519,16.486181923761507,11
4.905,-78.92930525093821,17.38973910720069,12
4.906,-79.24716856660625,17.072324058792486,12
4.907,-80.09863075102474,16.22131028752535,11
4.908,-79.73398630340077,16.58640329403611,11
4.909,-80.29151427270814,16.029324029194765,11
4.91,-80.57283107366405,15.748456078127957,11
4.9110000000000005,-79.30974256807914,17.01199357886883,12
4.912,-78.51143098512472,17.81075430208984,12
4.913,-78.3014971230919,18.021137449343577,12
4.914,-79.28906621813594,17.034017784318525,12
4.915,-79.00354345421843,17.31999012289674,12
4.916,-78.02148501527783,18.30249828098343,12
4.917,-78.2747993621206,18.04963379761573,12
4.918,-77.0819490979519,19.24293406943208,13
4.9190000000000005,-75.98532737144659,20.340005947601192,13
4.92,-74.62402229203127,21.701761322539976,14
4.921,-74.44689676182313,21.879337291974764,14
4.922,-74.04218944633315,22.28449519023803,14
4.923,-72.96606235216154,23.361073010573033,15
4.924,-72.7369646747681,23.5906215573634,15
4.925,-73.30590891713949,23.022128327465857,15
4.926,-73.8082523887564,22.520236011243057,14
4.9270000000000005,-73.7190716781368,22.609868020020407,14
4.928,-74.9050855344769,21.42430560444499,14
4.929,-75.08951177957037,21.240330942566416,14
4.93,-74.23548613280356,22.094808314841593,14
4.931,-76.14981473374493,20.180931581545288,13
4.932,-74.88913657913547,21.442061745779743,14
4.933,-74.02158351079991,22.310066965563355,14
4.934,-74.50445700048985,21.827645768987715,14
4.9350000000000005,-74.13374701934393,22.19880818475728,14
4.936,-74.22712491772214,22.105882862355166,14
4.937,-73.29647625524196,23.036984242006945,15
4.938,-72.60870122813625,23.725212127322802,15
4.939,-73.92997444269106,22.404391911859722,14
4.94,-73.54566413304768,22.7891553613194,14
4.941,-73.83609516961103,22.499177605139863,14
4.942,-73.87500085567473,22.46072533987045,14
4.9430000000000005,-74.58678423948439,21.74939551710843,14
4.944,-73.21072110303469,23.12591235470203,15
4.945,-72.47853676267295,23.858550536146772,15
4.946,-73.25577615458447,23.081765125100212,15
4.947,-74.49659338211389,21.8414020180605,14
4.948,-74.89860301931313,21.439846640818487,14
4.949,-74.60243994009468,21.73646411930445,14
4.95,-74.479691002361,21.85966759545867,14
4.9510000000000005,-73.51946348537919,22.82034978985672,14
4.952,-72.98285077880841,23.357417312682152,15
4.953,-72.31828872902767,24.022434317398606,15
4.954,-72.21479263529442,24.126385504591248,15
4.955,-73.54261938080886,22.79901399090246,14
4.956,-73.82469424674196,22.517394495003884,14
4.957,-73.05113059150506,23.291413658326743,15
4.958,-73.2329423231419,23.110057572669774,15
4.9590000000000005,-72.9462409358362,23.39721474369179,15
4.96,-73.35445815980918,22.989453441014057,14
4.961,-74.33767434216105,22.006693317378815,14
4.962,-74.52771168303386,21.817112172486436,14
4.963,-74.35055104441736,21.994729144189588,14
4.964,-74.98276512280272,21.362971535839456,14
4.965,-75.24041957496064,21.10577369050771,14
4.966,-76.07301699822783,20.27363301069999,13
4.9670000000000005,-75.16023127135865,21.186875617504214,14
4.968,-75.45961742426518,20.88794648085061,13
4.969,-74.293997991441,22.05402306608783,14
4.97,-73.11179979367182,23.236678552272444,15
4.971,-73.3156269515926,23.033308818611648,15
4.972,-74.28254591378227,22.066847416368756,14
4.973,-76.10681560087704,20.243035424749678,13
4.974,-77.34760804407793,19.002700812395574,13
4.9750000000000005,-78.45709687182142,17.89366995071205,12
4.976,-77.2333189243902,19.117905999258507,13
4.977,-77.10853453158965,19.243148628071673,13
4.978,-76.76105610698986,19.591085423423493,13
4.979,-78.59803429685316,17.754565738893632,12
4.98,-79.51123275997206,16.841825915531608,11
4.981,-78.65392613540762,17.69959131411834,12
4.982,-78.33013868956962,18.023837668086,12
4.9830000000000005,-78.38020908660766,17.974226313126913,12
4.984,-77.8361195605066,18.518775015098136,12
4.985,-76.42316046723312,19.9321934178749,13
4.986,-76.6109128293155,19.744900498770743,13
4.987,-76.54964134707224,19.806631557309046,13
4.988,-76.38834258460692,19.96839002922803,13
4.989,-74.40432861426214,21.95286384202689,14
4.99,-76.23488835381508,20.12276407777026,13
4.9910000000000005,-75.67816704346333,20.679945496102256,13
4.992,-75.80737379943666,20.551198980634865,13
4.993,-75.36460131439874,20.994431838546124,13
4.994,-75.95757061746855,20.401923040558746,13
4.995,-76.02085794825105,20.339096346909415,13
4.996,-75.44927063072419,20.911144433461857,13
4.997,-72.90340555131803,23.457470413627597,15
4.998,-72.37616854379152,23.98516845348933,15
4.999,-73.24728017345613,23.11451798757713,15
